ZipCode,TduCompany,RepCompany,Plan Name,Price/kWh 500,Price/kWh 1000,Price/kWh 2000,Plan Type,Rate Type,Term Value,Prepaid,Time Of Use,Plan Details,Pricing Details,Renewable Perc,Enroll Phone,Fact Sheet,Terms of Service,YRAC,Ordering Info,New Customer,Min Usage Fees/Credits,Rating
76107,ONCOR ELECTRIC DELIVERY COMPANY,GREEN MOUNTAIN ENERGY COMPANY,Pollution Free e-Plus 36 Choice,0.181,0.172,0.167,1,Fixed,36,False,False,,Cancellation Fee: $395.00,100,(844) 854-2260,https://signup.greenmountain.com/defl/G1F00172600839B.pdf,https://signup.greenmountainenergy.com/files/09017518836757a5.pdf,https://signup.greenmountain.com/files/0901751883592af0.pdf,https://shop.greenmountainenergy.com/texas/home-energy-solutions/products/?tdspCodeCCS=D0002&fromLP=ptc&txtPromocode=WA0TEZ&sid=APTC_1726590650&utm_campaign=PTC&utm_medium=PTC_&utm_source=PowerToChoose,False,False,3
76107,ONCOR ELECTRIC DELIVERY COMPANY,AE TEXAS,Smart Secure 36,0.149,0.145,0.143,1,Fixed,36,False,False,,Cancellation Fee: $20/month remaining,35,(855) 478-4998,https://enroll.aetexasco.com/EmailHTML/efl.aspx?RateID=1942&BrandID=1&PromoCodeID=114,https://enroll.aetexasco.com/App_Assets/EnrollmentFiles/TOS.pdf,https://enroll.aetexasco.com/App_Assets/EnrollmentFiles/YRAC.pdf,https://enroll.aetexasco.com/Enrollment/Default.aspx?&promoCode=AETXPTC1,True,False,2
76107,ONCOR ELECTRIC DELIVERY COMPANY,CleanSky Energy,Embrace Green 12 - New Customer Special,0.134,0.13,0.128,1,Fixed,12,False,False,,Cancellation Fee: $150.00,100,(888) 733-5557,https://rates.titangasandpower.com/Frontend/DownloadDoc?path=713d3819-505d-49df-bfd8-be71a9c6d2c7.html&id_plan=556473,https://rates.cleanskyenergy.com:8443/rates/DownloadDoc?path=39d11e90-f8dc-4862-9460-6bad732461ec.pdf&id_plan=255158,https://rates.titangasandpower.com/Frontend/DownloadDoc?path=9dd4508a-09d9-4c6c-817d-24d53bdae46c.pdf&id_plan=315698,https://signup.cleanskyenergy.com/rates?utility_id=113&promocode=PTCHOOSETX,True,False,5
76107,ONCOR ELECTRIC DELIVERY COMPANY,SPARK ENERGY LLC,Choose 12,0.146,0.142,0.14,1,Fixed,12,False,False,,Cancellation Fee: $100,35,(833) 488-3132,https://www.sparkenergy.com/products-and-services/?getproductpdf=1&PromotionCode=PTC&ProductID=148468&type=EFL&title=Electricity+Facts+Label&language=english,https://www.sparkenergy.com/products-and-services/?getproductpdf=1&PromotionCode=PTC&ProductID=148473&type=TOS&title=Terms+of+Service,https://www.sparkenergy.com/products-and-services/?getproductpdf=1&PromotionCode=PTC&ProductID=148482&type=YRAC&title=Your+Rights+as+a+Customer&language=english,https://www.sparkenergy.com/products-and-services/?PromotionCode=PTC,True,False,2
76107,ONCOR ELECTRIC DELIVERY COMPANY,TXU ENERGY,Simple Value 12,0.176,0.162,0.155,1,Fixed,12,False,False,,Cancellation Fee: $150.00,3,(855) 847-6135,https://residential.txu.com/Handlers/PDFGenerator.ashx?comProdId=ONXSIMVL1212BK&lang=en&formType=EnergyFactsLabel&custClass=3&tdsp=ONCOR,https://residential.txu.com/~/media/Files/Marketing/Residential/Other-PDFs/TOSA.pdf,https://residential.txu.com/-/media/Files/Marketing/Residential/Other-PDFs/YRAC,https://www.txu.com/ptc/simplevalue12,True,False,5
76107,ONCOR ELECTRIC DELIVERY COMPANY,BKV Energy,Daisy 15,0.142,0.138,0.136,1,Fixed,15,False,False,,Cancellation Fee: $20/remaining month.,29,(855) 258-4797,https://enroll.bkvenergy.com/Home/EFL?productCode=RN00001178&promo=&term=15,https://enroll.bkvenergy.com/Home/TOS?productId=34657,https://enroll.bkvenergy.com/Home/YRAC?productId=34657,https://enroll.bkvenergy.com/?promo=PTCALL0001,True,False,2
76107,ONCOR ELECTRIC DELIVERY COMPANY,BKV Energy,Daisy 12,0.142,0.138,0.136,1,Fixed,12,False,False,,Cancellation Fee: $20/remaining month.,29,(855) 258-4797,https://enroll.bkvenergy.com/Home/EFL?productCode=RN00001189&promo=&term=12,https://enroll.bkvenergy.com/Home/TOS?productId=35010,https://enroll.bkvenergy.com/Home/YRAC?productId=35010,https://enroll.bkvenergy.com/?promo=PTCALL0001,True,False,2
76107,ONCOR ELECTRIC DELIVERY COMPANY,Abundance Energy,Straight Forward 6,0.131,0.121,0.117,1,Fixed,6,False,False,,Cancellation Fee: $150.00,25,(833) 495-0127,https://api.quextenergy.onproton.io/enrollment/document?template_bucket=abundance-product-templates&template_file=tx/Straightforward_EFL.docx&rate_id=10036,https://abundance-public-docs.s3.us-west-2.amazonaws.com/tos/abundance_energy_tos_v3_01312024.pdf,https://abundance-public-docs.s3.us-west-2.amazonaws.com/yrac/abundance_energy_yrac_v4_01312024.pdf,https://join.abundanceenergy.com/?promoCode=PTC,True,False,3
76107,ONCOR ELECTRIC DELIVERY COMPANY,TRIEAGLE ENERGY LP,Simple Savings 28,0.157,0.152,0.149,1,Fixed,28,False,False,,Cancellation Fee: $20.00 per month left in term,3,(833) 943-2764,https://shopping.trieagleenergy.com/PDFGenerator?formType=EnergyFactsLabel&comProdId=ONXTESMSAVC28AA&tdsp=ONCOR&lang=en&custClass=Residential,https://shopping.trieagleenergy.com/PDFGenerator?formType=TermsOfServiceAgreement&comProdId=ONXTESMSAVC28AA&tdsp=ONCOR&lang=en&custClass=Residential,https://shopping.trieagleenergy.com/PDFGenerator?formType=YourRightsAsCustomer&comProdId=ONXTESMSAVC28AA&tdsp=ONCOR&lang=en&custClass=Residential,https://www.trieagleenergy.com/PTC,False,False,4
76107,ONCOR ELECTRIC DELIVERY COMPANY,DIRECT ENERGY,Autopay Texas 36,0.178,0.169,0.164,1,Fixed,36,False,False,,Cancellation Fee: $295.00,24,(833) 894-5580,https://documents.directenergy.com/dynamic/efl/D1F00160133867C.pdf,https://documents.directenergy.com/dynamic/dms/0901751883545e9b.pdf?latest=1,https://documents.directenergy.com/dynamic/dms/090175188358df5c.pdf?latest=1,https://shop.directenergy.com/tx/product-chart-tabs?tdspCode=D0002&promo_code=WHPGCD&sid=APTC_1726591058&utm_campaign=PTC&utm_medium=PTC_&utm_source=PowerToChoose,True,False,4
76107,ONCOR ELECTRIC DELIVERY COMPANY,Discount Power,Saver 12,0.158,0.153,0.151,1,Fixed,12,False,False,,Cancellation Fee: $150.00,24,(855) 265-9153,https://www.discountpowertx.com/defl/M1F00175410931B.pdf,https://www.discountpowertx.com/files/0901751883681d09.pdf,https://www.discountpowertx.com/files/0901751883594fa5.pdf,https://shop.discountpowertx.com/offer-selection/?txtPromocode=WQ4131&tdspCode=D0002&fromLP=ptc&sid=APTC_1686090020&utm_campaign=Power+To+Choose+Listings&utm_medium=PTC_&utm_source=None,True,False,3
76107,ONCOR ELECTRIC DELIVERY COMPANY,CHAMPION ENERGY SERVICES LLC,Champ Saver-24,0.16,0.156,0.154,1,Fixed,24,False,False,,Cancellation Fee: $250.00,26,(877) 653-5090,https://docs.championenergyservices.com/ExternalDocs?planname=PN2407&state=TX&language=EN,https://champion-cdn-a8c0crgta3hkfpa3.a02.azurefd.net/assets/pdfs/CES-TX-TOS-062424.pdf,https://champion-cdn-a8c0crgta3hkfpa3.a02.azurefd.net/assets/pdfs/YRAC_103023.pdf,https://www.championenergyservices.com/Residential/Sign-Up?promo=powertochoose,False,False,5
76107,ONCOR ELECTRIC DELIVERY COMPANY,AMIGO ENERGY,Basics PTC - 36,0.163,0.159,0.157,1,Fixed,36,False,False,,Cancellation Fee: $175.00,31,(866) 327-0839,https://webs.amigoenergy.com/Generate_Docs/Generate_EflLinks.aspx?RID=BfnIuuEZljQ=&RCID=rv5fvOkFHh4=&L=6f+Ch9flI7k=,https://webs.amigoenergy.com/Generate_Docs/TosyracLink.aspx?RID=BfnIuuEZljQ=&RCID=rv5fvOkFHh4=&L=6f+Ch9flI7k=,https://webs.amigoenergy.com/TOSYRAC/RES_YRAC_ENG.pdf,https://amigoenergy.com/lp/ptc/?utm_source=powertochoose&utm_medium=referral&utm_campaign=LT,True,False,4
76107,ONCOR ELECTRIC DELIVERY COMPANY,TRUE POWER,True Value 28,0.156,0.152,0.15,1,Fixed,28,False,False,,Cancellation Fee: $300.00,15,(888) 642-8783,https://truepowerefl.com/eflportal/efl/view/ONCOR/816,https://www.truepower.com/wp-content/uploads/2021/04/TC_MM_TX_TOS_EN.docx,https://www.truepower.com/wp-content/uploads/TC_MM_TX_YRAC_EN_ES.docx,https://truepower.com/partner/ptc/,True,False,1
76107,ONCOR ELECTRIC DELIVERY COMPANY,SPARK ENERGY LLC,Choose 6,0.127,0.123,0.121,1,Fixed,6,False,False,,Cancellation Fee: $100,35,(833) 488-3132,https://www.sparkenergy.com/products-and-services/?getproductpdf=1&PromotionCode=PTC&ProductID=150856&type=EFL&title=Electricity+Facts+Label&language=english,https://www.sparkenergy.com/products-and-services/?getproductpdf=1&PromotionCode=PTC&ProductID=150856&type=TOS&title=Terms+of+Service,https://www.sparkenergy.com/products-and-services/?getproductpdf=1&PromotionCode=&ProductID=150856&type=YRAC&title=Your+Rights+as+a+Customer&language=english,https://www.sparkenergy.com/products-and-services/?PromotionCode=PTC,True,False,2
76107,ONCOR ELECTRIC DELIVERY COMPANY,FRONTIER UTILITIES,Frontier Power Saver 12,0.135,0.131,0.129,1,Fixed,12,False,False,,Cancellation Fee: $150.00,30,(877) 261-1024,https://eflviewer.frontierutilities.com/eflviewer.aspx?lang=EN&prodcode=FPOWSVR12&tdspcode=ONCOR_ELEC,https://eflviewer.frontierutilities.com/eflviewer.aspx?lang=EN&prodcode=TOS,https://eflviewer.frontierutilities.com/eflviewer.aspx?lang=EN&prodcode=YRAC,https://newenroll.frontierutilities.com/?refid=PTCFPS12&ul=1000&tdsp=ONCOR_ELEC,True,False,3
76107,ONCOR ELECTRIC DELIVERY COMPANY,Budget Power,No Gimmicks 12,0.132,0.127,0.125,1,Fixed,12,False,False,,Cancellation Fee: $100.00,35,(888) 699-0747,https://signup.budgetpowertx.com/Home/EFL?productId=33632&Promo=,https://signup.budgetpowertx.com/Home/TOS?productId=33632,https://signup.budgetpowertx.com/Home/YRAC?productId=33632,https://signup.budgetpowertx.com/Home/index?ProductCode=RN12000005&Promo=PTC,True,False,2
76107,ONCOR ELECTRIC DELIVERY COMPANY,BKV Energy,Daisy 5,0.122,0.118,0.116,1,Fixed,5,False,False,,Cancellation Fee: $20/remaining month.,29,(855) 258-4797,https://enroll.bkvenergy.com/Home/EFL?productCode=RN00085563&promo=&term=5,https://enroll.bkvenergy.com/Home/TOS?productId=124917,https://enroll.bkvenergy.com/Home/YRAC?productId=124917,https://enroll.bkvenergy.com/?promo=PTCALL0001,True,False,2
76107,ONCOR ELECTRIC DELIVERY COMPANY,JUST ENERGY,Sustainable Living Bundle - 3,0.119,0.11,0.106,1,Fixed,3,False,False,,Cancellation Fee: $175.00,31,(866) 327-0821,https://webs.justenergydeals.com/Generate_Docs/Generate_EflLinks.aspx?RID=M+o7fT9Oo/s=&RCID=gNASPlhlupI=&L=6f+Ch9flI7k=,https://webs.justenergydeals.com/Generate_Docs/TosyracLink.aspx?RID=M+o7fT9Oo/s=&RCID=gNASPlhlupI=&L=6f+Ch9flI7k=,https://webs.justenergydeals.com/TOSYRAC/TX/RES_YRAC_ENG_JE.pdf,https://justenergy.com/affiliatepartner/ptcsl/?utm_source=powertochoose&utm_medium=referral&utm_campaign=ST,True,False,2
76107,ONCOR ELECTRIC DELIVERY COMPANY,RHYTHM,Digital Choice 12,0.14,0.14,0.141,1,Fixed,12,False,False,,Cancellation Fee: $20 / remaining month,100,(877) 649-0441,https://api.gotrhythm.com/api/pricing/offers/latest-offers-efl/16245/?locale=en,https://cdn.gotrhythm.com/rhythm-tos-en-version-8.pdf,https://cdn.gotrhythm.com/RhythmYRAC_en.pdf,https://gotrhythm.com/?rcid=power-to-choose&utm_source=powertochoose&utm_campaign=oncor&utm_medium=state-shopping&utm_term=DC12,False,False,3
76107,ONCOR ELECTRIC DELIVERY COMPANY,Discount Power,Saver 6,0.145,0.141,0.138,1,Fixed,6,False,False,,Cancellation Fee: $150.00,24,(855) 265-9153,https://www.discountpowertx.com/defl/M1F00172947532A.pdf,https://www.discountpowertx.com/files/0901751883681d09.pdf,https://www.discountpowertx.com/files/0901751883594fa5.pdf,https://shop.discountpowertx.com/offer-selection/?txtPromocode=WQ4131&tdspCode=D0002&fromLP=ptc&sid=APTC_1686090020&utm_campaign=Power+To+Choose+Listings&utm_medium=PTC_&utm_source=None,True,False,3
76107,ONCOR ELECTRIC DELIVERY COMPANY,DIRECT ENERGY,Autopay Texas 18,0.184,0.175,0.17,1,Fixed,18,False,False,,Cancellation Fee: $180.00,24,(833) 894-5580,https://documents.directenergy.com/dynamic/efl/D1F00160133878C.pdf,https://documents.directenergy.com/dynamic/dms/0901751883545e9b.pdf?latest=1,https://documents.directenergy.com/dynamic/dms/090175188358df5c.pdf?latest=1,https://shop.directenergy.com/tx/product-chart-tabs?tdspCode=D0002&promo_code=WHPGCD&sid=APTC_1726591058&utm_campaign=PTC&utm_medium=PTC_&utm_source=PowerToChoose,True,False,4
76107,ONCOR ELECTRIC DELIVERY COMPANY,Budget Power,No Gimmicks Green 12,0.133,0.128,0.126,1,Fixed,12,False,False,,Cancellation Fee: $175.00,100,(888) 699-0747,https://signup.budgetpowertx.com/Home/EFL?productId=33634&Promo=,https://signup.budgetpowertx.com/Home/TOS?productId=33634,https://signup.budgetpowertx.com/Home/YRAC?productId=33634,https://signup.budgetpowertx.com/Home/index?ProductCode=RN12000484&Promo=PTC,True,False,2
76107,ONCOR ELECTRIC DELIVERY COMPANY,REVOLUTION ENERGY LLC,Stars and Stripes 36,0.152,0.144,0.14,1,Fixed,36,False,False,,Cancellation Fee: $375.00,26,(888) 374-1776,https://e966f83b313c3b45ede3-64a631b37f7b69cdf842d11bca52af9c.ssl.cf5.rackcdn.com//202601/EFL-20260107-155000-ONCORD-Stars and Stripes 36 (English).pdf,https://3738aa9406f947fbf588-fef99a859c0606e900b297be46ec6ca9.ssl.cf5.rackcdn.com/Base/TOS-Base-20220601-000000-English%20(Resi%20+%20Sm%20Comm).pdf,https://def75beca229ccab6443-f01fe966d1b101aea30e2f18547da693.ssl.cf5.rackcdn.com/misc/RAC-20221201-000000-English%20(Resi%20+%20Sm%20Comm).pdf,https://www.joinarevolution.com/signup/signup-step1/?id=329233&promotion=NONE&valid=N&referral=&landingpage=ptc,True,False,1
76107,ONCOR ELECTRIC DELIVERY COMPANY,Texans Choice Power LLC,Choose 4,0.114,0.11,0.108,1,Fixed,4,False,False,,Cancellation Fee: $100,35,(833) 488-6328,https://signup.texanschoicepower.com/getdocument/?getproductpdf=1&productid=153870&type=EFL&title=153870_EFL&language=english,https://signup.texanschoicepower.com/getdocument/?getproductpdf=1&productid=153870&type=TOS&title=153870_TOS,https://signup.texanschoicepower.com/getdocument/?getproductpdf=1&ProductID=153870&type=YRAC&title=Your%20Rights%20As%20A%20Customer&promocode=&language=english,https://signup.texanschoicepower.com/?PromoCode=PTC,True,False,-1
76107,ONCOR ELECTRIC DELIVERY COMPANY,CIRRO ENERGY,Smart Simple 12,0.159,0.154,0.152,1,Fixed,12,False,False,,Cancellation Fee: $150.00,24,(844) 417-7180,https://www.cirroenergy.com/defl/M1F00175410779B.pdf,https://www.cirroenergy.com/files/09017518836818ee.pdf,https://www.cirroenergy.com/files/0901751883594fa4.pdf,https://www.cirroenergy.com/lp/ptcZipCodeSearch?tdsp_code=D0002&promo_code=WA198B&txtPromocode=WA198B&fromLP=ptc&sid=APTC_1685677096&utm_campaign=Power+To+Choose+Listings&utm_medium=PTC_&utm_source=None,True,False,3
76107,ONCOR ELECTRIC DELIVERY COMPANY,Think Energy,Think Simple 5,0.137,0.128,0.123,1,Fixed,5,False,False,,Cancellation Fee: $200.00,25,(833) 669-3080,https://api.thinkenergy.onproton.io/enrollment/get_latest_document?lang=en&product_code=tx.thinksimple.noap.fixed&tdsp_id=3&doc_type=EFL&term=5&promo_code=default,https://think-docs.s3.us-east-1.amazonaws.com/TOS/2024.11.08/Think+Energy+RESI+TOS_V20241108_EN(US).pdf,https://think-docs.s3.amazonaws.com/YRAC/20240130/Think+Energy+RESI+YRAC+20240130_EN(US).pdf,https://www.thinkenergy.com/?utm_source=rateboard&utm_medium=referral&utm_campaign=texas,True,False,4
76107,ONCOR ELECTRIC DELIVERY COMPANY,GEXA ENERGY,Gexa Eco Choice Plus 12,0.141,0.132,0.128,1,Fixed,12,False,False,,Cancellation Fee: $150.00,100,(866) 329-4392,https://eflviewer.gexaenergy.com/eflviewer.aspx?lang=EN&prodcode=GXAECOCHIPLS12&tdspcode=ONCOR_ELEC,https://eflviewer.gexaenergy.com/eflviewer.aspx?lang=EN&prodcode=TOS,https://eflviewer.gexaenergy.com/eflviewer.aspx?lang=EN&prodcode=YRAC,https://newenroll.gexaenergy.com/?refid=PTC_EcoChoicePls12&ul=1000&tdsp=ONCOR_ELEC,True,False,4
76107,ONCOR ELECTRIC DELIVERY COMPANY,Octopus Energy LLC,Octo Simple 6,0.134,0.13,0.127,1,Fixed,6,False,False,,Cancellation Fee: $250.00,100,(833) 628-6888,https://octopusenergy.com/efl?id=505&service-provider=ONCOR&load-zone=LZ_NORTH&lang=en,https://assets.octopusenergy.com/x/c67e66d0f8/tos-en.pdf?_gl=1*1ehdgqk*_ga*MjAyNjI3Mjk3LjE2Nzc3NzQ5OTU.*_ga_WCMLHQ73G5*MTcwNDI0NTIzMi44NzUuMS4xNzA0MjQ1NzExLjM1LjAuMA..*_gcl_au*MTUzNzY2MDk5LjE3MDExMDcyMzYuMTI0MzAxNDA0LjE3MDI1OTQ0MDEuMTcwMjU5NDQwMA..,https://assets.octopusenergy.com/x/5926b3a49f/yrac-en.pdf?_gl=1*8l3n7k*_ga*MjAyNjI3Mjk3LjE2Nzc3NzQ5OTU.*_ga_WCMLHQ73G5*MTcwNDI0NTIzMi44NzUuMS4xNzA0MjQ1ODMyLjI1LjAuMA..*_gcl_au*MTUzNzY2MDk5LjE3MDExMDcyMzYuMTI0MzAxNDA0LjE3MDI1OTQ0MDEuMTcwMjU5NDQwMA..,https://octopusenergy.com/affiliate/ptc,True,False,3
76107,ONCOR ELECTRIC DELIVERY COMPANY,RHYTHM,Digital Choice 36,0.149,0.149,0.15,1,Fixed,36,False,False,,Cancellation Fee: $20 / remaining month,100,(877) 649-0441,https://api.energytexas.com/api/pricing/offers/latest-offers-efl/18912/?locale=en,https://cdn.gotrhythm.com/rhythm-tos-en-version-8.pdf,https://cdn.gotrhythm.com/RhythmYRAC_en.pdf,https://gotrhythm.com/?rcid=power-to-choose&utm_source=powertochoose&utm_campaign=oncor&utm_medium=state-shopping&utm_term=DC36,False,False,3
76107,ONCOR ELECTRIC DELIVERY COMPANY,INFUSE ENERGY,Essential Infusion 24,0.148,0.141,0.138,1,Fixed,24,False,False,,Cancellation Fee: $300.00,26,(844) 463-8732,https://88fd201f32c53c2bd0fb-11ba98ed637230a2314ec7c228a44bda.ssl.cf5.rackcdn.com/202601/EFL-20260107-144900-ONCORD-Essential Infusion 24 (English).pdf,http://dba4d476800d46d49629-8921003a898874cc7b56a2d8016f01f6.r82.cf5.rackcdn.com/Base/TOS%20-%20Infuse%20Energy%20(ENG)%20(Resi%20+%20Sm%20Comm)%20(NOV2021).pdf,http://2082f247f0b6ad0efff8-055e3e7ce6867338be787e3e1fe912d6.r54.cf5.rackcdn.com/misc/RAC-20231024-000000-English%20(Resi%20%2B%20Sm%20Comm).pdf,https://www.infuseenergy.com/signup/signup-step1/?id=1623006&promotion=NONE&valid=N&referral=&landingpage=ptc,True,False,1
76107,ONCOR ELECTRIC DELIVERY COMPANY,Octopus Energy,Octo Simple 18 ,0.132,0.127,0.125,1,Fixed,18,False,False,,Cancellation Fee: $200.00,100,(833) 628-6888,http://octopusenergy.com/efl?id=538&service-provider=ONCOR&load-zone=LZ_NORTH&lang=en,https://assets.octopusenergy.com/x/c67e66d0f8/tos-en.pdf?_gl=1*1ehdgqk*_ga*MjAyNjI3Mjk3LjE2Nzc3NzQ5OTU.*_ga_WCMLHQ73G5*MTcwNDI0NTIzMi44NzUuMS4xNzA0MjQ1NzExLjM1LjAuMA..*_gcl_au*MTUzNzY2MDk5LjE3MDExMDcyMzYuMTI0MzAxNDA0LjE3MDI1OTQ0MDEuMTcwMjU5NDQwMA..,https://assets.octopusenergy.com/x/5926b3a49f/yrac-en.pdf?_gl=1*8l3n7k*_ga*MjAyNjI3Mjk3LjE2Nzc3NzQ5OTU.*_ga_WCMLHQ73G5*MTcwNDI0NTIzMi44NzUuMS4xNzA0MjQ1ODMyLjI1LjAuMA..*_gcl_au*MTUzNzY2MDk5LjE3MDExMDcyMzYuMTI0MzAxNDA0LjE3MDI1OTQ0MDEuMTcwMjU5NDQwMA..,https://octopusenergy.com/affiliate/ptc,True,False,3
76107,ONCOR ELECTRIC DELIVERY COMPANY,Companion Energy,Companion + Perks 12,0.134,0.13,0.128,1,Fixed,12,False,False,,Cancellation Fee: $150.00,30,(833) 401-4511,https://eflviewer.companionenergy.com/eflviewer.aspx?lang=EN&prodcode=CEPERK12&tdspcode=ONCOR_ELEC,https://eflviewer.companionenergy.com/eflviewer.aspx?lang=EN&prodcode=TOS,https://eflviewer.companionenergy.com/eflviewer.aspx?lang=EN&prodcode=YRAC,https://newenroll.companionenergy.com/?refid=PTCPERKS12&ul=1000&tdsp=ONCOR_ELEC&utm_source=power_to_choose&utm_medium=referral&utm_campaign=PTC-PTCPERKS12&utm_content=ONCOR_ELEC&utm_term=additional_info,True,False,3
76107,ONCOR ELECTRIC DELIVERY COMPANY,Texans Choice Power LLC,Choose 12,0.143,0.139,0.137,1,Fixed,12,False,False,,Cancellation Fee: $100,35,(833) 488-6328,https://signup.texanschoicepower.com/getdocument/?getproductpdf=1&productid=153808&type=EFL&title=153808_EFL&language=english,https://signup.texanschoicepower.com/getdocument/?getproductpdf=1&productid=153808&type=TOS&title=153808_TOS,https://signup.texanschoicepower.com/getdocument/?getproductpdf=1&ProductID=153808&type=YRAC&title=Your%20Rights%20As%20A%20Customer&promocode=&language=english,https://signup.texanschoicepower.com/?PromoCode=PTC,True,False,-1
76107,ONCOR ELECTRIC DELIVERY COMPANY,GREEN MOUNTAIN ENERGY COMPANY,Pollution Free e-Plus 12 Choice,0.181,0.172,0.167,1,Fixed,12,False,False,,Cancellation Fee: $150.00,100,(844) 854-2260,https://signup.greenmountain.com/defl/G1F00172600847B.pdf,https://signup.greenmountainenergy.com/files/09017518836757a5.pdf,https://signup.greenmountain.com/files/0901751883592af0.pdf,https://shop.greenmountainenergy.com/texas/home-energy-solutions/products/?tdspCodeCCS=D0002&fromLP=ptc&txtPromocode=WA0TEZ&sid=APTC_1726590650&utm_campaign=PTC&utm_medium=PTC_&utm_source=PowerToChoose,True,False,3
76107,ONCOR ELECTRIC DELIVERY COMPANY,HERITAGE POWER LLC,Bright Start 4 - $25 credit on your first bill!,0.129,0.125,0.123,1,Fixed,4,False,False,,Cancellation Fee: $75.00,25,(888) 551-0373,https://signup.heritagepower.com/Home/EFl?productId=6168,https://signup.heritagepower.com/Home/TOS?productId=6168,https://signup.heritagepower.com/Home/YRAC?productId=6168,https://signup.heritagepower.com/Home/index?ProductCode=RN04000001&Promo=PTC,True,False,5
76107,ONCOR ELECTRIC DELIVERY COMPANY,RELIANT,Reliant Power On 18,0.171,0.162,0.157,1,Fixed,18,False,False,,Cancellation Fee: $180.00,15,(855) 350-8650,https://www.reliant.com/defl/R1F00180021149A.pdf,https://www.reliant.com/files/0901751883727dcd.pdf,https://www.reliant.com/files/090175188358df5d.pdf,http://www.reliant.com/public/startOEProcess.htm?tdspCodeCCS=D0002&fromLP=ptc&txtPromocode=WF3713&sid=A3P_1562314131,True,False,5
76107,ONCOR ELECTRIC DELIVERY COMPANY,Discount Power,Saver 36,0.161,0.156,0.154,1,Fixed,36,False,False,,Cancellation Fee: $395.00,24,(855) 265-9153,https://www.discountpowertx.com/defl/M1F00175411063B.pdf,https://www.discountpowertx.com/files/0901751883681d09.pdf,https://www.discountpowertx.com/files/0901751883594fa5.pdf,https://shop.discountpowertx.com/offer-selection/?txtPromocode=WQ4131&tdspCode=D0002&fromLP=ptc&sid=APTC_1686090020&utm_campaign=Power+To+Choose+Listings&utm_medium=PTC_&utm_source=None,True,False,3
76107,ONCOR ELECTRIC DELIVERY COMPANY,DIRECT ENERGY,Autopay Texas 24,0.18,0.171,0.166,1,Fixed,24,False,False,,Cancellation Fee: $295.00,24,(833) 894-5580,https://documents.directenergy.com/dynamic/efl/D1F00160133830C.pdf,https://documents.directenergy.com/dynamic/dms/0901751883545e9b.pdf?latest=1,https://documents.directenergy.com/dynamic/dms/090175188358df5c.pdf?latest=1,https://shop.directenergy.com/tx/product-chart-tabs?tdspCode=D0002&promo_code=WHPGCD&sid=APTC_1726591058&utm_campaign=PTC&utm_medium=PTC_&utm_source=PowerToChoose,True,False,4
76107,ONCOR ELECTRIC DELIVERY COMPANY,NEXTVOLT TEXAS LLC,True Fixed 36,0.146,0.142,0.139,1,Fixed,36,False,False,,Cancellation Fee: $149.00,6,(844) 332-8658,https://myaccountpage.nextvoltenergy.com/docs/efls/output/20260108_1_TF36-227_ONCOR_NORTH_001.pdf,https://nextvolt.lonestarbillpro.com/docs/nextvolt-tx-tos.pdf,https://nextvolt.lonestarbillpro.com/docs/nextvolt-tx-yrac.pdf,https://www.nextvoltenergy.com/texas/electricity-plans/?cid=PTC20251002065224&mtm_source=PTC&mtm_medium=Referral,False,False,-1
76107,ONCOR ELECTRIC DELIVERY COMPANY,REVOLUTION ENERGY LLC,Stars and Stripes 9,0.153,0.145,0.141,1,Fixed,9,False,False,,Cancellation Fee: $175.00,26,(888) 374-1776,https://e966f83b313c3b45ede3-64a631b37f7b69cdf842d11bca52af9c.ssl.cf5.rackcdn.com//202601/EFL-20260107-155000-ONCORD-Stars and Stripes 9 (English).pdf,https://3738aa9406f947fbf588-fef99a859c0606e900b297be46ec6ca9.ssl.cf5.rackcdn.com/Base/TOS-Base-20220601-000000-English%20(Resi%20+%20Sm%20Comm).pdf,https://def75beca229ccab6443-f01fe966d1b101aea30e2f18547da693.ssl.cf5.rackcdn.com/misc/RAC-20221201-000000-English%20(Resi%20+%20Sm%20Comm).pdf,https://www.joinarevolution.com/signup/signup-step1/?id=329248&promotion=NONE&valid=N&referral=&landingpage=ptc,True,False,1
76107,ONCOR ELECTRIC DELIVERY COMPANY,OhmConnect Energy,Connect & Save 24 -      Save Energy. Get Paid.,0.154,0.15,0.148,1,Fixed,24,False,False,,Cancellation Fee: $250.00,26,,https://bit.ly/4jjXEJA,https://bit.ly/3SZc3w8,https://bit.ly/3JGFaPS,https://www.ohmconnect.com/texas/?aid=736101&lsid=2&campaign=ptc&locale=en,True,False,2
76107,ONCOR ELECTRIC DELIVERY COMPANY,Abundance Energy,Straight Forward 12,0.146,0.137,0.132,1,Fixed,12,False,False,,Cancellation Fee: $150.00,25,(833) 495-0127,https://api.quextenergy.onproton.io/enrollment/document?template_bucket=abundance-product-templates&template_file=tx/Straightforward_EFL.docx&rate_id=9890,https://abundance-public-docs.s3.us-west-2.amazonaws.com/tos/abundance_energy_tos_v3_01312024.pdf,https://abundance-public-docs.s3.us-west-2.amazonaws.com/yrac/abundance_energy_yrac_v4_01312024.pdf,https://join.abundanceenergy.com/?promoCode=PTC,True,False,3
76107,ONCOR ELECTRIC DELIVERY COMPANY,Discount Power,Discount Nights 24,0.166,0.162,0.159,1,Fixed,24,False,True,,Cancellation Fee: $295.00,24,(855) 265-9153,https://www.discountpowertx.com/defl/M1F00180040181A.pdf,https://www.discountpowertx.com/files/0901751883681d09.pdf,https://www.discountpowertx.com/files/0901751883594fa5.pdf,https://shop.discountpowertx.com/offer-selection/?txtPromocode=WQ4131&tdspCode=D0002&fromLP=ptc&sid=APTC_1686090020&utm_campaign=Power+To+Choose+Listings&utm_medium=PTC_&utm_source=None,True,False,3
76107,ONCOR ELECTRIC DELIVERY COMPANY,INFUSE ENERGY,Essential Infusion 36,0.15,0.144,0.141,1,Fixed,36,False,False,,Cancellation Fee: $375.00,26,(844) 463-8732,https://88fd201f32c53c2bd0fb-11ba98ed637230a2314ec7c228a44bda.ssl.cf5.rackcdn.com/202601/EFL-20260107-144900-ONCORD-Essential Infusion 36 (English).pdf,http://dba4d476800d46d49629-8921003a898874cc7b56a2d8016f01f6.r82.cf5.rackcdn.com/Base/TOS%20-%20Infuse%20Energy%20(ENG)%20(Resi%20+%20Sm%20Comm)%20(NOV2021).pdf,http://2082f247f0b6ad0efff8-055e3e7ce6867338be787e3e1fe912d6.r54.cf5.rackcdn.com/misc/RAC-20231024-000000-English%20(Resi%20%2B%20Sm%20Comm).pdf,https://www.infuseenergy.com/signup/signup-step1/?id=1623011&promotion=NONE&valid=N&referral=&landingpage=ptc,True,False,1
76107,ONCOR ELECTRIC DELIVERY COMPANY,CHARIOT ENERGY,Bright Nights 36,0.15,0.136,0.129,1,Fixed,36,False,True,,Cancellation Fee: $15 per remaining month,100,(855) 524-2746,https://signup.chariotenergy.com//Home/EFl?productId=41641,https://signup.chariotenergy.com//Home/TOS?productId=41641,https://signup.chariotenergy.com//Home/YRAC?productId=41641,https://signup.chariotenergy.com//Home/index?ProductCode=RNR36002715&Promo=GqAtunAVIGY=,False,False,1
76107,ONCOR ELECTRIC DELIVERY COMPANY,CleanSky Energy,Embrace Green 4 - New Customer Special,0.114,0.11,0.108,1,Fixed,4,False,False,,Cancellation Fee: $75.00,100,(888) 733-5557,https://rates.titangasandpower.com/Frontend/DownloadDoc?path=713d3819-505d-49df-bfd8-be71a9c6d2c7.html&id_plan=541159,https://rates.titangasandpower.com/Frontend/DownloadDoc?path=11d798c7-9868-49b3-86a4-cb4a7caad2ee.pdf&id_plan=481529,https://rates.titangasandpower.com/Frontend/DownloadDoc?path=9dd4508a-09d9-4c6c-817d-24d53bdae46c.pdf&id_plan=481529,https://signup.cleanskyenergy.com/rates?utility_id=113&promocode=PTCHOOSETX,True,False,5
76107,ONCOR ELECTRIC DELIVERY COMPANY,SOUTHERN FEDERAL POWER LLC,SoFed Better Rate - 36,0.155,0.145,0.141,1,Fixed,36,False,False,,Cancellation Fee: $249.00,6,(844) 644-0474,https://bit.ly/4jCJraY,https://bit.ly/42JXFwW,https://bit.ly/3GUCv7g,http://southernfederal.com,False,False,2
76107,ONCOR ELECTRIC DELIVERY COMPANY,Ranchero Power,Smart & Fixed - 36,0.156,0.146,0.142,1,Fixed,36,False,False,,Cancellation Fee: $179.00,6,(888) 204-3202,https://bit.ly/49uKFAt,https://bit.ly/3TyHrF9,https://bit.ly/3AjwhZW,http://Rancheropower.com,False,False,2
76107,ONCOR ELECTRIC DELIVERY COMPANY,TRIEAGLE ENERGY LP,Simple Savings 12,0.157,0.152,0.149,1,Fixed,12,False,False,,Cancellation Fee: $20.00 per month left in term,3,(833) 943-2764,https://shopping.trieagleenergy.com/PDFGenerator?formType=EnergyFactsLabel&comProdId=ONXTESMSAVC12AA&tdsp=ONCOR&lang=en&custClass=Residential,https://shopping.trieagleenergy.com/PDFGenerator?formType=TermsOfServiceAgreement&comProdId=ONXTESMSAVC12AA&tdsp=ONCOR&lang=en&custClass=Residential,https://shopping.trieagleenergy.com/PDFGenerator?formType=YourRightsAsCustomer&comProdId=ONXTESMSAVC12AA&tdsp=ONCOR&lang=en&custClass=Residential,https://www.trieagleenergy.com/PTC,False,False,4
76107,ONCOR ELECTRIC DELIVERY COMPANY,Think Energy,Think Clean 12,0.159,0.15,0.146,1,Fixed,12,False,False,,Cancellation Fee: $200.00,100,(833) 669-3080,https://docs.cloud.thinkenergy.com/EFL/?term=12&duns=1039940674000&product=tx.thinkclean.noap.fixed&lang=en,https://think-docs.s3.us-east-1.amazonaws.com/TOS/2024.11.08/Think+Energy+RESI+TOS_V20241108_EN(US).pdf,https://think-docs.s3.amazonaws.com/YRAC/20240130/Think+Energy+RESI+YRAC+20240130_EN(US).pdf,https://www.thinkenergy.com/?utm_source=rateboard&utm_medium=referral&utm_campaign=texas,True,False,4
76107,ONCOR ELECTRIC DELIVERY COMPANY,Companion Energy,Companion + Perks 6,0.114,0.11,0.108,1,Fixed,6,False,False,,Cancellation Fee: $150.00,30,(833) 401-4511,https://eflviewer.companionenergy.com/eflviewer.aspx?lang=EN&prodcode=CEPERK6&tdspcode=ONCOR_ELEC,https://eflviewer.companionenergy.com/eflviewer.aspx?lang=EN&prodcode=TOS,https://eflviewer.companionenergy.com/eflviewer.aspx?lang=EN&prodcode=YRAC,https://newenroll.companionenergy.com/?refid=PTCPERKS06&ul=1000&tdsp=ONCOR_ELEC&utm_source=power_to_choose&utm_medium=referral&utm_campaign=PTC-PTCPERKS06&utm_content=ONCOR_ELEC&utm_term=additional_info,True,False,3
76107,ONCOR ELECTRIC DELIVERY COMPANY,VARSITY ENERGY LLC,HOMERUN 6,0.117,0.113,0.111,1,Fixed,6,False,False,,Cancellation Fee: $150.00,31,(877) 827-7389,https://signup.varsityenergy.com/Home/EFl?productId=32916&ver=english,https://signup.varsityenergy.com/Home/TOS?productId=29870&ver=english,https://signup.varsityenergy.com/Home/YRAC?productId=29870&ver=english,https://signup.varsityenergy.com/Home/index?ProductCode=RN06000043&Promo=PTC,True,False,1
76107,ONCOR ELECTRIC DELIVERY COMPANY,BKV Energy,Daisy 4,0.121,0.117,0.115,1,Fixed,4,False,False,,Cancellation Fee: $20/remaining month.,29,(855) 258-4797,https://enroll.bkvenergy.com/Home/EFL?productCode=RN00085568&promo=&term=4,https://enroll.bkvenergy.com/Home/TOS?productId=124922,https://enroll.bkvenergy.com/Home/YRAC?productId=124922,https://enroll.bkvenergy.com/?promo=PTCALL0001,True,False,2
76107,ONCOR ELECTRIC DELIVERY COMPANY,FRONTIER UTILITIES,Frontier Power Saver 6,0.115,0.111,0.109,1,Fixed,6,False,False,,Cancellation Fee: $150.00,30,(877) 261-1024,https://eflviewer.frontierutilities.com/eflviewer.aspx?lang=EN&prodcode=FPOWSVR06&tdspcode=ONCOR_ELEC,https://eflviewer.frontierutilities.com/eflviewer.aspx?lang=EN&prodcode=TOS,https://eflviewer.frontierutilities.com/eflviewer.aspx?lang=EN&prodcode=YRAC,https://newenroll.frontierutilities.com/?refid=PTCFPS06&ul=1000&tdsp=ONCOR_ELEC,True,False,3
76107,ONCOR ELECTRIC DELIVERY COMPANY,OhmConnect Energy,Connect & Save 12 -      Save Energy. Get Paid.,0.152,0.147,0.145,1,Fixed,12,False,False,,Cancellation Fee: $150.00,26,,https://bit.ly/4sEYG7t,https://bit.ly/3SZc3w8,https://bit.ly/3IT2R7Z,https://www.ohmconnect.com/texas/?aid=736101&lsid=2&campaign=ptc&locale=en,True,False,2
76107,ONCOR ELECTRIC DELIVERY COMPANY,OhmConnect Energy,Connect & Save 36 -      Save Energy. Get Paid.,0.155,0.151,0.149,1,Fixed,36,False,False,,Cancellation Fee: $250.00,26,,https://bit.ly/4jqL8bk,https://bit.ly/3SZc3w8,https://bit.ly/3JGFaPS,https://www.ohmconnect.com/texas/?aid=736101&lsid=2&campaign=ptc&locale=en,True,False,2
76107,ONCOR ELECTRIC DELIVERY COMPANY,AMIGO ENERGY,Sustainable Simply Days - 3,0.118,0.11,0.106,1,Fixed,3,False,True,,Cancellation Fee: $175.00,31,(866) 327-0839,https://webs.amigoenergy.com/Generate_Docs/Generate_EflLinks.aspx?RID=fghzZ67BppU=&RCID=rv5fvOkFHh4=&L=6f+Ch9flI7k=,https://webs.amigoenergy.com/Generate_Docs/TosyracLink.aspx?RID=fghzZ67BppU=&RCID=rv5fvOkFHh4=&L=6f+Ch9flI7k=,https://webs.amigoenergy.com/TOSYRAC/RES_YRAC_ENG.pdf,https://amigoenergy.com/lp/ptcsl/?utm_source=powertochoose&utm_medium=referral&utm_campaign=ST,True,False,4
76107,ONCOR ELECTRIC DELIVERY COMPANY,Octopus Energy,OctopusFlex ,0.151,0.147,0.145,1,Fixed,12,False,True,,Cancellation Fee: $150.00,100,(833) 628-6888,https://octopusenergy.com/efl?id=373&service-provider=ONCOR&load-zone=LZ_NORTH&lang=en,https://assets.octopusenergy.com/x/c67e66d0f8/tos-en.pdf?_gl=1*1nvlavs*_gcl_au*MTAyMzQxNTI2My4xNzQ4ODc3MjA2*_ga*MjAyNjI3Mjk3LjE2Nzc3NzQ5OTU.*_ga_WCMLHQ73G5*czE3NDk2Njc2ODkkbzE4MTgkZzEkdDE3NDk2Njc2OTQkajU1JGwwJGg3MjY1NDI0Nzk.,https://assets.octopusenergy.com/x/5926b3a49f/yrac-en.pdf?_gl=1*8l3n7k*_ga*MjAyNjI3Mjk3LjE2Nzc3NzQ5OTU.*_ga_WCMLHQ73G5*MTcwNDI0NTIzMi44NzUuMS4xNzA0MjQ1ODMyLjI1LjAuMA..*_gcl_au*MTUzNzY2MDk5LjE3MDExMDcyMzYuMTI0MzAxNDA0LjE3MDI1OTQ0MDEuMTcwMjU5NDQwMA..,https://octopusenergy.com/affiliate/ptc,False,False,3
76107,ONCOR ELECTRIC DELIVERY COMPANY,SPARK ENERGY LLC,Choose 15,0.147,0.143,0.141,1,Fixed,15,False,False,,Cancellation Fee: $100,35,(833) 488-3132,https://www.sparkenergy.com/products-and-services/?getproductpdf=1&PromotionCode=PTC&ProductID=148473&type=EFL&title=Electricity+Facts+Label&language=english,https://www.sparkenergy.com/products-and-services/?getproductpdf=1&PromotionCode=PTC&ProductID=148473&type=TOS&title=Terms+of+Service,https://www.sparkenergy.com/products-and-services/?getproductpdf=1&PromotionCode=PTC&ProductID=148473&type=YRAC&title=Your+Rights+as+a+Customer&language=english,https://www.sparkenergy.com/products-and-services/?PromotionCode=PTC,True,False,2
76107,ONCOR ELECTRIC DELIVERY COMPANY,AP GAS & ELECTRIC (TX) LLC,TrueClassic 24,0.144,0.14,0.138,1,Fixed,24,False,False,,Cancellation Fee: $250.00,6,(866) 876-8909,https://artemis-api.apge.com/api/v1/document?documentId=73&offerCode=SRBTX_ONC_NA_NA_RES_FPR_SD0_T24_NEW,https://artemis-api.apge.com/api/v1/document?documentId=14&offerCode=SRBTX_ONC_NA_NA_RES_FPR_SD0_T24_NEW,https://artemis-api.apge.com/api/v1/document?documentId=16&offerCode=SRBTX_ONC_NA_NA_RES_FPR_SD0_T24_NEW,https://www.apge.com/enroll#/offer?offerCode=SRBTX_ONC_NA_NA_RES_FPR_SD0_T24_NEW&deploymentName=TX%20State%20Rate%20Board,True,False,1
76107,ONCOR ELECTRIC DELIVERY COMPANY,REVOLUTION ENERGY LLC,Stars and Stripes 24,0.15,0.141,0.137,1,Fixed,24,False,False,,Cancellation Fee: $300.00,26,(888) 374-1776,https://e966f83b313c3b45ede3-64a631b37f7b69cdf842d11bca52af9c.ssl.cf5.rackcdn.com//202601/EFL-20260107-155000-ONCORD-Stars and Stripes 24 (English).pdf,https://3738aa9406f947fbf588-fef99a859c0606e900b297be46ec6ca9.ssl.cf5.rackcdn.com/Base/TOS-Base-20220601-000000-English%20(Resi%20+%20Sm%20Comm).pdf,https://def75beca229ccab6443-f01fe966d1b101aea30e2f18547da693.ssl.cf5.rackcdn.com/misc/RAC-20221201-000000-English%20(Resi%20+%20Sm%20Comm).pdf,https://www.joinarevolution.com/signup/signup-step1/?id=329228&promotion=NONE&valid=N&referral=&landingpage=ptc,True,False,1
76107,ONCOR ELECTRIC DELIVERY COMPANY,SOUTHERN FEDERAL POWER LLC,SoFed Better Rate - 6,0.133,0.123,0.119,1,Fixed,6,False,False,,Cancellation Fee: $249.00,6,(844) 644-0474,https://bit.ly/4jp2XY8,https://bit.ly/42JXFwW,https://bit.ly/3GUCv7g,http://southernfederal.com,False,False,2
76107,ONCOR ELECTRIC DELIVERY COMPANY,CleanSky Energy,Embrace Green 36 - New Customer Special,0.145,0.141,0.139,1,Fixed,36,False,False,,Cancellation Fee: $275.00,100,(888) 733-5557,https://rates.titangasandpower.com/Frontend/DownloadDoc?path=713d3819-505d-49df-bfd8-be71a9c6d2c7.html&id_plan=555540,https://rates.titangasandpower.com/Frontend/DownloadDoc?path=dd89a056-3204-4585-b0c5-fc0b4c0d31dc.pdf&id_plan=348754,https://rates.titangasandpower.com/Frontend/DownloadDoc?path=9dd4508a-09d9-4c6c-817d-24d53bdae46c.pdf&id_plan=348754,https://signup.cleanskyenergy.com/rates?utility_id=113&promocode=PTCHOOSETX,True,False,5
76107,ONCOR ELECTRIC DELIVERY COMPANY,GOOD CHARLIE & CO LLC,GoodEnergy 12,0.158,0.149,0.144,1,Fixed,12,False,False,,Cancellation Fee: $20 per month remaining,26,(888) 462-0060,https://api.goodcharlie.com/products/2046/EFL/Oncor/latest/en,https://api.goodcharlie.com/products/2046/tos/Centerpoint/latest/en,https://api.goodcharlie.com/products/2046/yrac/Centerpoint/latest/en,https://goodcharlie.me/PTC-GoodEnergy12-ONCOR,False,False,5
76107,ONCOR ELECTRIC DELIVERY COMPANY,FRONTIER UTILITIES,Frontier Power Saver Plus 6,0.12,0.111,0.107,1,Fixed,6,False,False,,Cancellation Fee: $150.00,30,(877) 261-1024,https://eflviewer.frontierutilities.com/eflviewer.aspx?lang=EN&prodcode=FPOWSVRPLS6&tdspcode=ONCOR_ELEC,https://eflviewer.frontierutilities.com/eflviewer.aspx?lang=EN&prodcode=TOS,https://eflviewer.frontierutilities.com/eflviewer.aspx?lang=EN&prodcode=YRAC,https://newenroll.frontierutilities.com/?refid=PTCFPSPLS06&ul=1000&tdsp=ONCOR_ELEC,True,False,3
76107,ONCOR ELECTRIC DELIVERY COMPANY,NEXTVOLT TEXAS LLC,Stability Fixed 24,0.143,0.139,0.137,1,Fixed,24,False,False,,Cancellation Fee: $149.00,6,(844) 332-8658,https://myaccountpage.nextvoltenergy.com/docs/efls/output/20260108_1_SF24-5_ONCOR_NORTH_001.pdf,https://nextvolt.lonestarbillpro.com/docs/nextvolt-tx-tos.pdf,https://nextvolt.lonestarbillpro.com/docs/nextvolt-tx-yrac.pdf,https://www.nextvoltenergy.com/texas/electricity-plans/?cid=PTC20251002065224&mtm_source=PTC&mtm_medium=Referral,False,False,-1
76107,ONCOR ELECTRIC DELIVERY COMPANY,CHARIOT ENERGY,Bright Nights 12,0.14,0.126,0.119,1,Fixed,12,False,True,,Cancellation Fee: $15 per remaining month,100,(855) 524-2746,https://signup.chariotenergy.com//Home/EFl?productId=41694,https://signup.chariotenergy.com//Home/TOS?productId=41694,https://signup.chariotenergy.com//Home/YRAC?productId=41694,https://signup.chariotenergy.com//Home/index?ProductCode=RNR12002706&Promo=GqAtunAVIGY=,False,False,1
76107,ONCOR ELECTRIC DELIVERY COMPANY,RHYTHM,Digital Choice 4,0.11,0.11,0.111,1,Fixed,4,False,False,,Cancellation Fee: $20 / remaining month,100,(877) 649-0441,https://api.gotrhythm.com/api/pricing/offers/latest-offers-efl/19550/?locale=en,https://cdn.gotrhythm.com/rhythm-tos-en-version-8.pdf,https://cdn.gotrhythm.com/RhythmYRAC_en.pdf,https://gotrhythm.com/?rcid=power-to-choose&utm_source=powertochoose&utm_campaign=oncor&utm_medium=state-shopping&utm_term=DC4,False,False,3
76107,ONCOR ELECTRIC DELIVERY COMPANY,Energy Texas,No Bull 3,0.109,0.109,0.11,1,Fixed,3,False,False,,Cancellation Fee: $20 / remaining month,100,(888) 512-0330,https://api.energytexas.com/api/pricing/offers/latest-offers-efl/19656/?locale=en,https://cdn.energytexas.com/energy-texas-tos-en-version-1.pdf,https://cdn.energytexas.com/EnergyTexasYRAC_en.pdf,https://www.energytexas.com/?rcid=power-to-choose&utm_source=powertochoose&utm_campaign=oncor&utm_medium=state-shopping&utm_term=NB3,False,False,3
76107,ONCOR ELECTRIC DELIVERY COMPANY,BRANCH ENERGY (TEXAS) LLC,Branch Fixed 12,0.158,0.154,0.152,1,Fixed,12,False,False,,Cancellation Fee: $120.00,100,(866) 748-6660,https://assets.oak.phloem.io/docs/41069893-4b81-46a5-b944-6ac9d31ab45d/html,https://assets.oak.phloem.io/docs/f0b21dda-acc6-4d4c-813e-778c2512f506/html,https://assets.oak.phloem.io/docs/f0b21dda-acc6-4d4c-813e-778c2512f506/html,https://signup.branchenergy.com/?utm_source=ptc,False,False,0
76107,ONCOR ELECTRIC DELIVERY COMPANY,DIRECT ENERGY,Autopay Texas 12,0.182,0.173,0.168,1,Fixed,12,False,False,,Cancellation Fee: $150.00,24,(833) 894-5580,https://documents.directenergy.com/dynamic/efl/D1F00160133910C.pdf,https://documents.directenergy.com/dynamic/dms/0901751883545e9b.pdf?latest=1,https://documents.directenergy.com/dynamic/dms/090175188358df5c.pdf?latest=1,https://shop.directenergy.com/tx/product-chart-tabs?tdspCode=D0002&promo_code=WHPGCD&sid=APTC_1726591058&utm_campaign=PTC&utm_medium=PTC_&utm_source=PowerToChoose,True,False,4
76107,ONCOR ELECTRIC DELIVERY COMPANY,AE TEXAS,Smart Secure 6,0.127,0.123,0.121,1,Fixed,6,False,False,,Cancellation Fee: $20/month remaining,35,(855) 478-4998,https://enroll.aetexasco.com/EmailHTML/efl.aspx?RateID=1916&BrandID=1&PromoCodeID=114,https://enroll.aetexasco.com/App_Assets/EnrollmentFiles/TOS.pdf,https://enroll.aetexasco.com/App_Assets/EnrollmentFiles/YRAC.pdf,https://enroll.aetexasco.com/Enrollment/Default.aspx?&promoCode=AETXPTC1,True,False,2
76107,ONCOR ELECTRIC DELIVERY COMPANY,AMIGO ENERGY,Basics PTC - 24,0.163,0.159,0.157,1,Fixed,24,False,False,,Cancellation Fee: $175.00,31,(866) 327-0839,https://webs.amigoenergy.com/Generate_Docs/Generate_EflLinks.aspx?RID=X+DerimDMy8=&RCID=rv5fvOkFHh4=&L=6f+Ch9flI7k=,https://webs.amigoenergy.com/Generate_Docs/TosyracLink.aspx?RID=X+DerimDMy8=&RCID=rv5fvOkFHh4=&L=6f+Ch9flI7k=,https://webs.amigoenergy.com/TOSYRAC/RES_YRAC_ENG.pdf,https://amigoenergy.com/lp/ptc/?utm_source=powertochoose&utm_medium=referral&utm_campaign=LT,True,False,4
76107,ONCOR ELECTRIC DELIVERY COMPANY,Octopus Energy LLC,Octo Simple 8 ,0.148,0.144,0.142,1,Fixed,8,False,False,,Cancellation Fee: $150.00,100,(833) 628-6888,https://octopusenergy.com/efl?id=473&service-provider=ONCOR&load-zone=LZ_NORTH&lang=en,https://assets.octopusenergy.com/x/c67e66d0f8/tos-en.pdf?_gl=1*1ehdgqk*_ga*MjAyNjI3Mjk3LjE2Nzc3NzQ5OTU.*_ga_WCMLHQ73G5*MTcwNDI0NTIzMi44NzUuMS4xNzA0MjQ1NzExLjM1LjAuMA..*_gcl_au*MTUzNzY2MDk5LjE3MDExMDcyMzYuMTI0MzAxNDA0LjE3MDI1OTQ0MDEuMTcwMjU5NDQwMA..,https://assets.octopusenergy.com/x/5926b3a49f/yrac-en.pdf?_gl=1*8l3n7k*_ga*MjAyNjI3Mjk3LjE2Nzc3NzQ5OTU.*_ga_WCMLHQ73G5*MTcwNDI0NTIzMi44NzUuMS4xNzA0MjQ1ODMyLjI1LjAuMA..*_gcl_au*MTUzNzY2MDk5LjE3MDExMDcyMzYuMTI0MzAxNDA0LjE3MDI1OTQ0MDEuMTcwMjU5NDQwMA..,https://octopusenergy.com/affiliate/ptc,True,False,3
76107,ONCOR ELECTRIC DELIVERY COMPANY,TRUE POWER,True Value 12,0.136,0.131,0.129,1,Fixed,12,False,False,,Cancellation Fee: $300.00,15,(888) 642-8783,https://truepowerefl.com/eflportal/efl/view/ONCOR/680,https://truepowerefl.com/TC_MM_TX_TOS_EN_ver20210324.pdf,https://truepowerefl.com/TC_MM_TX_YRAC_EN.pdf,https://truepower.com/partner/ptc/,True,False,1
76107,ONCOR ELECTRIC DELIVERY COMPANY,Ranchero Power,Smart & Fixed - 12,0.164,0.154,0.15,1,Fixed,12,False,False,,Cancellation Fee: $179.00,6,(888) 204-3202,https://bit.ly/4bsJCDo,https://bit.ly/3TyHrF9,https://bit.ly/3AjwhZW,http://Rancheropower.com,False,False,2
76107,ONCOR ELECTRIC DELIVERY COMPANY,GREEN MOUNTAIN ENERGY COMPANY,Pollution Free e-Plus 24 Choice,0.181,0.172,0.167,1,Fixed,24,False,False,,Cancellation Fee: $295.00,100,(844) 854-2260,https://signup.greenmountain.com/defl/G1F00172600799B.pdf,https://signup.greenmountainenergy.com/files/09017518836757a5.pdf,https://signup.greenmountain.com/files/0901751883592af0.pdf,https://shop.greenmountainenergy.com/texas/home-energy-solutions/products/?tdspCodeCCS=D0002&fromLP=ptc&txtPromocode=WA0TEZ&sid=APTC_1726590650&utm_campaign=PTC&utm_medium=PTC_&utm_source=PowerToChoose,True,False,3
76107,ONCOR ELECTRIC DELIVERY COMPANY,SFE ENERGY TEXAS INC,SFE RewardsPlus - 12,0.164,0.154,0.149,1,Fixed,12,False,False,,Cancellation Fee: $175.00,35,(888) 351-2169,https://empowerdocs.blob.core.windows.net/efldocuments/_2516351368349897883_EFL_SFE%20Residential%20Fixed%20ONC%2012English.pdf,https://empowerdocs.blob.core.windows.net/tosdocuments/TC_TX_TOS_R01_18_AUG_25.pdf_1.PDF,https://empowerdocs.blob.core.windows.net/yracdocuments/TC_TX_YRAC_R01_05_JUN_25.pdf_0.PDF,https://www.sfeenergy.com/texas/,True,False,-1
76107,ONCOR ELECTRIC DELIVERY COMPANY,TRUE POWER,True Value 24,0.143,0.138,0.136,1,Fixed,24,False,False,,Cancellation Fee: $300.00,15,(888) 642-8783,https://truepowerefl.com/eflportal/efl/view/ONCOR/731,https://truepowerefl.com/TC_MM_TX_TOS_EN_ver20210324.pdf,https://truepowerefl.com/TC_MM_TX_YRAC_EN.pdf,https://truepower.com/partner/ptc/,True,False,1
76107,ONCOR ELECTRIC DELIVERY COMPANY,CHAMPION ENERGY SERVICES LLC,Champ Saver-12,0.157,0.153,0.151,1,Fixed,12,False,False,,Cancellation Fee: $150.00,26,(877) 653-5090,https://docs.championenergyservices.com/ExternalDocs?planname=PN2402&state=TX&language=EN,https://champion-cdn-a8c0crgta3hkfpa3.a02.azurefd.net/assets/pdfs/CES-TX-TOS-062424.pdf,https://champion-cdn-a8c0crgta3hkfpa3.a02.azurefd.net/assets/pdfs/YRAC_103023.pdf,https://www.championenergyservices.com/Residential/Sign-Up?promo=powertochoose,False,False,5
76107,ONCOR ELECTRIC DELIVERY COMPANY,IRONHORSE POWER SERVICES LLC,Giddy Up 36,0.16,0.156,0.153,1,Fixed,36,False,False,,Cancellation Fee: $,6,(866) 316-1549,https://ironhorse-storage.s3.us-west-2.amazonaws.com/public/efl/ONC-36-PC-0-100250.pdf,https://ironhorsepowerservices.com/static/documents/tos.pdf,https://ironhorsepowerservices.com/static/documents/yrac.pdf,https://signup.ironhorsepowerservices.com/ironhorse-ptc/ONC-36-PC-0-100250,True,False,2
76107,ONCOR ELECTRIC DELIVERY COMPANY,Energy Texas,No Bull 12,0.14,0.14,0.141,1,Fixed,12,False,False,,Cancellation Fee: $20 / remaining month,100,(888) 512-0330,https://api.energytexas.com/api/pricing/offers/latest-offers-efl/12711/?locale=en,https://cdn.energytexas.com/energy-texas-tos-en-version-1.pdf,https://cdn.energytexas.com/EnergyTexasYRAC_en.pdf,https://www.energytexas.com/?rcid=power-to-choose&utm_source=powertochoose&utm_campaign=oncor&utm_medium=state-shopping&utm_term=NB12,False,False,3
76107,ONCOR ELECTRIC DELIVERY COMPANY,CHARIOT ENERGY,Bright Nights 18,0.139,0.125,0.118,1,Fixed,18,False,True,,Cancellation Fee: $15 per remaining month,100,(855) 524-2746,https://signup.chariotenergy.com//Home/EFl?productId=41695,https://signup.chariotenergy.com//Home/TOS?productId=41695,https://signup.chariotenergy.com//Home/YRAC?productId=41695,https://signup.chariotenergy.com//Home/index?ProductCode=RRT18001317&Promo=GqAtunAVIGY=,False,False,1
76107,ONCOR ELECTRIC DELIVERY COMPANY,TRUE POWER,True Value 16,0.15,0.146,0.144,1,Fixed,16,False,False,,Cancellation Fee: $300.00,15,(888) 642-8783,https://truepowerefl.com/eflportal/efl/view/ONCOR/815,https://truepowerefl.com/TC_MM_TX_TOS_EN_ver20210324.pdf,https://truepowerefl.com/TC_MM_TX_YRAC_EN.pdf,https://truepower.com/partner/ptc/,True,False,1
76107,ONCOR ELECTRIC DELIVERY COMPANY,Ranchero Power,Ranchero Smart & Fixed - 6,0.134,0.124,0.12,1,Fixed,6,False,False,,Cancellation Fee: $179.00,6,(888) 204-3202,https://bit.ly/4jsFYLT,https://bit.ly/3TyHrF9,https://bit.ly/3AjwhZW,http://Rancheropower.com,True,False,2
76107,ONCOR ELECTRIC DELIVERY COMPANY,Budget Power,No Gimmicks 18,0.131,0.126,0.124,1,Fixed,18,False,False,,Cancellation Fee: $125.00,35,(888) 699-0747,https://signup.budgetpowertx.com/Home/EFL?productId=33633&Promo=,https://signup.budgetpowertx.com/Home/TOS?productId=33633,https://signup.budgetpowertx.com/Home/YRAC?productId=33633,https://signup.budgetpowertx.com/Home/index?ProductCode=RN18000002&Promo=PTC,True,False,2
76107,ONCOR ELECTRIC DELIVERY COMPANY,RHYTHM,Digital Choice 3,0.109,0.109,0.11,1,Fixed,3,False,False,,Cancellation Fee: $20 / remaining month,100,(877) 649-0441,https://api.gotrhythm.com/api/pricing/offers/latest-offers-efl/19622/?locale=en,https://cdn.gotrhythm.com/rhythm-tos-en-version-8.pdf,https://cdn.gotrhythm.com/RhythmYRAC_en.pdf,https://gotrhythm.com/?rcid=power-to-choose&utm_source=powertochoose&utm_campaign=oncor&utm_medium=state-shopping&utm_term=DC3,False,False,3
76107,ONCOR ELECTRIC DELIVERY COMPANY,FRONTIER UTILITIES,Frontier Power Saver Plus 12,0.14,0.131,0.127,1,Fixed,12,False,False,,Cancellation Fee: $150.00,30,(877) 261-1024,https://eflviewer.frontierutilities.com/eflviewer.aspx?lang=EN&prodcode=FPOWSVRPLS12&tdspcode=ONCOR_ELEC,https://eflviewer.frontierutilities.com/eflviewer.aspx?lang=EN&prodcode=TOS,https://eflviewer.frontierutilities.com/eflviewer.aspx?lang=EN&prodcode=YRAC,https://newenroll.frontierutilities.com/?refid=PTCFPSPLS12&ul=1000&tdsp=ONCOR_ELEC,True,False,3
76107,ONCOR ELECTRIC DELIVERY COMPANY,INFUSE ENERGY,Essential Infusion 3,0.116,0.11,0.107,1,Fixed,3,False,False,,Cancellation Fee: $100.00,26,(844) 463-8732,https://88fd201f32c53c2bd0fb-11ba98ed637230a2314ec7c228a44bda.ssl.cf5.rackcdn.com/202601/EFL-20260107-144900-ONCORD-Essential Infusion 3 (English).pdf,http://dba4d476800d46d49629-8921003a898874cc7b56a2d8016f01f6.r82.cf5.rackcdn.com/Base/TOS%20-%20Infuse%20Energy%20(ENG)%20(Resi%20+%20Sm%20Comm)%20(NOV2021).pdf,http://2082f247f0b6ad0efff8-055e3e7ce6867338be787e3e1fe912d6.r54.cf5.rackcdn.com/misc/RAC-20231024-000000-English%20(Resi%20%2B%20Sm%20Comm).pdf,https://www.infuseenergy.com/signup/signup-step1/?id=1623016&promotion=NONE&valid=N&referral=&landingpage=ptc,True,False,1
76107,ONCOR ELECTRIC DELIVERY COMPANY,AP GAS & ELECTRIC (TX) LLC,TrueClassic 36,0.148,0.144,0.142,1,Fixed,36,False,False,,Cancellation Fee: $350.00,6,(866) 876-8909,https://artemis-api.apge.com/api/v1/document?documentId=73&offerCode=SRBTX_ONC_NA_NA_RES_FPR_SD0_T36_NEW,https://artemis-api.apge.com/api/v1/document?documentId=14&offerCode=SRBTX_ONC_NA_NA_RES_FPR_SD0_T36_NEW,https://artemis-api.apge.com/api/v1/document?documentId=16&offerCode=SRBTX_ONC_NA_NA_RES_FPR_SD0_T36_NEW,https://www.apge.com/enroll#/offer?offerCode=SRBTX_ONC_NA_NA_RES_FPR_SD0_T36_NEW&deploymentName=TX%20State%20Rate%20Board,True,False,1
76107,ONCOR ELECTRIC DELIVERY COMPANY,GEXA ENERGY,Gexa Eco Choice 6,0.117,0.113,0.111,1,Fixed,6,False,False,,Cancellation Fee: $150.00,100,(866) 329-4392,https://eflviewer.gexaenergy.com/eflviewer.aspx?lang=EN&prodcode=GXAECOCHI6&tdspcode=ONCOR_ELEC,https://eflviewer.gexaenergy.com/eflviewer.aspx?lang=EN&prodcode=TOS,https://eflviewer.gexaenergy.com/eflviewer.aspx?lang=EN&prodcode=YRAC,https://newenroll.gexaenergy.com/?refid=PTC_EcoChoice06&ul=1000&tdsp=ONCOR_ELEC,True,False,4
76107,ONCOR ELECTRIC DELIVERY COMPANY,Think Energy,Think Clean 36,0.168,0.159,0.154,1,Fixed,36,False,False,,Cancellation Fee: $200.00,100,(833) 669-3080,https://docs.cloud.thinkenergy.com/EFL/?term=36&duns=1039940674000&product=tx.thinkclean.ap.fixed&lang=en,https://think-docs.s3.us-east-1.amazonaws.com/TOS/2024.11.08/Think+Energy+RESI+TOS_V20241108_EN(US).pdf,https://think-docs.s3.amazonaws.com/YRAC/20240130/Think+Energy+RESI+YRAC+20240130_EN(US).pdf,https://www.thinkenergy.com/?utm_source=rateboard&utm_medium=referral&utm_campaign=texas,True,False,4
76107,ONCOR ELECTRIC DELIVERY COMPANY,Discount Power,Saver 24,0.16,0.155,0.153,1,Fixed,24,False,False,,Cancellation Fee: $295.00,24,(855) 265-9153,https://www.discountpowertx.com/defl/M1F00175411015B.pdf,https://www.discountpowertx.com/files/0901751883681d09.pdf,https://www.discountpowertx.com/files/0901751883594fa5.pdf,https://shop.discountpowertx.com/offer-selection/?txtPromocode=WQ4131&tdspCode=D0002&fromLP=ptc&sid=APTC_1686090020&utm_campaign=Power+To+Choose+Listings&utm_medium=PTC_&utm_source=None,True,False,3
76107,ONCOR ELECTRIC DELIVERY COMPANY,SOUTHERN FEDERAL POWER LLC,SoFed Better Rate - 12,0.163,0.153,0.149,1,Fixed,12,False,False,,Cancellation Fee: $249.00,6,(844) 644-0474,https://bit.ly/4qGDPyE,https://bit.ly/42JXFwW,https://bit.ly/3GUCv7g,http://www.southernfederal.com/,True,False,2
76107,ONCOR ELECTRIC DELIVERY COMPANY,Octopus Energy,Octo Green 12,0.132,0.127,0.125,1,Fixed,12,False,False,,Cancellation Fee: $150.00,100,(833) 628-6888,https://octopusenergy.com/efl?id=340&service-provider=ONCOR&load-zone=LZ_NORTH&lang=en,https://assets.octopusenergy.com/x/c67e66d0f8/tos-en.pdf?_gl=1*1ehdgqk*_ga*MjAyNjI3Mjk3LjE2Nzc3NzQ5OTU.*_ga_WCMLHQ73G5*MTcwNDI0NTIzMi44NzUuMS4xNzA0MjQ1NzExLjM1LjAuMA..*_gcl_au*MTUzNzY2MDk5LjE3MDExMDcyMzYuMTI0MzAxNDA0LjE3MDI1OTQ0MDEuMTcwMjU5NDQwMA..,https://assets.octopusenergy.com/x/5926b3a49f/yrac-en.pdf?_gl=1*8l3n7k*_ga*MjAyNjI3Mjk3LjE2Nzc3NzQ5OTU.*_ga_WCMLHQ73G5*MTcwNDI0NTIzMi44NzUuMS4xNzA0MjQ1ODMyLjI1LjAuMA..*_gcl_au*MTUzNzY2MDk5LjE3MDExMDcyMzYuMTI0MzAxNDA0LjE3MDI1OTQ0MDEuMTcwMjU5NDQwMA..,http://octopusenergy.com/affiliate/ptc?redirect=join%2Fenrollment%2Fquote,True,False,3
76107,ONCOR ELECTRIC DELIVERY COMPANY,Texans Choice Power LLC,Free Nights 12,0.1637,0.1595,0.1573,1,Fixed,12,False,True,,Cancellation Fee: $100,35,(833) 488-6328,https://signup.texanschoicepower.com/getdocument/?getproductpdf=1&productid=153863&type=EFL_TIMEOFUSE&title=153863_EFL_TIMEOFUSE&language=english,https://signup.texanschoicepower.com/getdocument/?getproductpdf=1&productid=153863&type=TOS_TIMEOFUSE&title=153863_TOS_TIMEOFUSE,https://signup.texanschoicepower.com/getdocument/?getproductpdf=1&ProductID=153863&type=YRAC&title=Your%20Rights%20As%20A%20Customer&promocode=&language=english,https://signup.texanschoicepower.com/?PromoCode=PTC,True,False,-1
76107,ONCOR ELECTRIC DELIVERY COMPANY,BKV Energy,Daisy 18,0.139,0.135,0.133,1,Fixed,18,False,False,,Cancellation Fee: $20/remaining month.,29,(855) 258-4797,https://enroll.bkvenergy.com/Home/EFL?productCode=RN00027072&promo=&term=18,https://enroll.bkvenergy.com/Home/TOS?productId=64278,https://enroll.bkvenergy.com/Home/YRAC?productId=64278,https://enroll.bkvenergy.com/?promo=PTCALL0001,True,False,2
76107,ONCOR ELECTRIC DELIVERY COMPANY,Ranchero Power,Ranchero Smart & Fixed - 18,0.148,0.138,0.134,1,Fixed,18,False,False,,Cancellation Fee: $179.99,6,(888) 204-3202,https://bit.ly/49nGIxg,https://bit.ly/3TyHrF9,https://bit.ly/3AjwhZW,http://Rancheropower.com,False,False,2
76107,ONCOR ELECTRIC DELIVERY COMPANY,AP GAS & ELECTRIC (TX) LLC,TrueClassic 12,0.144,0.14,0.138,1,Fixed,12,False,False,,Cancellation Fee: $200.00,6,(866) 876-8909,https://artemis-api.apge.com/api/v1/document?documentId=73&offerCode=TXSRB12_ONC_NA_NA_RES_FPR_SD0_T12_NEW,https://artemis-api.apge.com/api/v1/document?documentId=14&offerCode=TXSRB12_ONC_NA_NA_RES_FPR_SD0_T12_NEW,https://artemis-api.apge.com/api/v1/document?documentId=16&offerCode=TXSRB12_ONC_NA_NA_RES_FPR_SD0_T12_NEW,https://www.apge.com/enroll#/offer?offerCode=TXSRB12_ONC_NA_NA_RES_FPR_SD0_T12_NEW&deploymentName=TX%20State%20Rate%20Board,True,False,1
76107,ONCOR ELECTRIC DELIVERY COMPANY,CIRRO ENERGY,Smart Simple 24,0.161,0.156,0.154,1,Fixed,24,False,False,,Cancellation Fee: $295.00,24,(844) 417-7180,https://www.cirroenergy.com/defl/M1F00175410795B.pdf,https://www.cirroenergy.com/files/09017518836818ee.pdf,https://www.cirroenergy.com/files/0901751883594fa4.pdf,https://www.cirroenergy.com/lp/ptcZipCodeSearch?tdsp_code=D0002&promo_code=WA198B&txtPromocode=WA198B&fromLP=ptc&sid=APTC_1685677096&utm_campaign=Power+To+Choose+Listings&utm_medium=PTC_&utm_source=None,True,False,3
76107,ONCOR ELECTRIC DELIVERY COMPANY,Budget Power,No Gimmicks 24,0.143,0.138,0.136,1,Fixed,24,False,False,,Cancellation Fee: $175.00,35,(888) 699-0747,https://signup.budgetpowertx.com/Home/EFL?productId=33602&Promo=,https://signup.budgetpowertx.com/Home/TOS?productId=33602,https://signup.budgetpowertx.com/Home/YRAC?productId=33602,https://signup.budgetpowertx.com/Home/index?ProductCode=RN24000004&Promo=PTC,True,False,2
76107,ONCOR ELECTRIC DELIVERY COMPANY,TRIEAGLE ENERGY LP,Simple Savings 36,0.163,0.158,0.155,1,Fixed,36,False,False,,Cancellation Fee: $20.00 per month left in term,3,(833) 943-2764,https://shopping.trieagleenergy.com/PDFGenerator?formType=EnergyFactsLabel&comProdId=ONXTESMSAVC36AA&tdsp=ONCOR&lang=en&custClass=Residential,https://shopping.trieagleenergy.com/PDFGenerator?formType=TermsOfServiceAgreement&comProdId=ONXTESMSAVC36AA&tdsp=ONCOR&lang=en&custClass=Residential,https://shopping.trieagleenergy.com/PDFGenerator?formType=YourRightsAsCustomer&comProdId=ONXTESMSAVC36AA&tdsp=ONCOR&lang=en&custClass=Residential,https://www.trieagleenergy.com/PTC,False,False,4
76107,ONCOR ELECTRIC DELIVERY COMPANY,TARA ENERGY,Basics PTC - 36,0.163,0.159,0.157,1,Fixed,36,False,False,,Cancellation Fee: $175.00,31,(866) 327-0880,https://webs.taraenergy.com/Generate_Docs/Generate_EflLinks.aspx?RID=ZLQfjOoVTQc=&RCID=cacW2cvK/I0=&L=6f+Ch9flI7k=,https://webs.taraenergy.com/Generate_Docs/TosyracLink.aspx?RID=ZLQfjOoVTQc=&RCID=cacW2cvK/I0=&L=6f+Ch9flI7k=,https://webs.taraenergy.com/TOSYRAC/RES_YRAC_ENG_TE.pdf,https://taraenergy.com/ptc/?utm_source=powertochoose&utm_medium=referral&utm_campaign=LT,True,False,4
76107,ONCOR ELECTRIC DELIVERY COMPANY,NEXTVOLT TEXAS LLC,Reliable Fixed 12,0.139,0.135,0.133,1,Fixed,12,False,False,,Cancellation Fee: $149.00,6,(844) 332-8658,https://myaccountpage.nextvoltenergy.com/docs/efls/output/20260108_1_RF12-141_ONCOR_NORTH_001.pdf,https://nextvolt.lonestarbillpro.com/docs/nextvolt-tx-tos.pdf,https://nextvolt.lonestarbillpro.com/docs/nextvolt-tx-yrac.pdf,https://www.nextvoltenergy.com/texas/electricity-plans/?cid=PTC20251002065224&mtm_source=PTC&mtm_medium=Referral,False,False,-1
76107,ONCOR ELECTRIC DELIVERY COMPANY,CHARIOT ENERGY,Bright Nights 4,0.12,0.105,0.098,1,Fixed,4,False,True,,Cancellation Fee: $15 per remaining month,100,(855) 524-2746,https://signup.chariotenergy.com//Home/EFl?productId=41693,https://signup.chariotenergy.com//Home/TOS?productId=41693,https://signup.chariotenergy.com//Home/YRAC?productId=41693,https://signup.chariotenergy.com//Home/index?ProductCode=RNR04000045&Promo=GqAtunAVIGY=,False,False,1
76107,ONCOR ELECTRIC DELIVERY COMPANY,REVOLUTION ENERGY LLC,Stars and Stripes 12,0.145,0.137,0.133,1,Fixed,12,False,False,,Cancellation Fee: $200.00,26,(888) 374-1776,https://e966f83b313c3b45ede3-64a631b37f7b69cdf842d11bca52af9c.ssl.cf5.rackcdn.com//202601/EFL-20260107-155000-ONCORD-Stars and Stripes 12 (English).pdf,https://3738aa9406f947fbf588-fef99a859c0606e900b297be46ec6ca9.ssl.cf5.rackcdn.com/Base/TOS-Base-20220601-000000-English%20(Resi%20+%20Sm%20Comm).pdf,https://def75beca229ccab6443-f01fe966d1b101aea30e2f18547da693.ssl.cf5.rackcdn.com/misc/RAC-20221201-000000-English%20(Resi%20+%20Sm%20Comm).pdf,https://www.joinarevolution.com/signup/signup-step1/?id=329213&promotion=NONE&valid=N&referral=&landingpage=ptc,True,False,1
76107,ONCOR ELECTRIC DELIVERY COMPANY,VARSITY ENERGY LLC,TOUCHDOWN 12,0.134,0.13,0.128,1,Fixed,12,False,False,,Cancellation Fee: $150.00,31,(877) 827-7389,https://signup.varsityenergy.com/Home/EFl?productId=32927&ver=english,https://signup.varsityenergy.com/Home/TOS?productId=29870&ver=english,https://signup.varsityenergy.com/Home/YRAC?productId=29870&ver=english,https://signup.varsityenergy.com/Home/index?ProductCode=RN12000163&Promo=PTC,True,False,1
76107,ONCOR ELECTRIC DELIVERY COMPANY,SFE ENERGY TEXAS INC,SFE RewardsPlus - 36,0.167,0.157,0.152,1,Fixed,36,False,False,,Cancellation Fee: $175.00,35,(888) 351-2169,https://empowerdocs.blob.core.windows.net/efldocuments/_2516351368382797608_EFL_SFE%20Residential%20Fixed%20ONC%2036English.pdf,https://empowerdocs.blob.core.windows.net/tosdocuments/TC_TX_TOS_R01_18_AUG_25.pdf_1.PDF,https://empowerdocs.blob.core.windows.net/yracdocuments/TC_TX_YRAC_R01_05_JUN_25.pdf_0.PDF,https://www.sfeenergy.com/texas/,True,False,-1
76107,ONCOR ELECTRIC DELIVERY COMPANY,Budget Power,No Gimmicks 36,0.144,0.139,0.137,1,Fixed,36,False,False,,Cancellation Fee: $250.00,35,(888) 699-0747,https://signup.budgetpowertx.com/Home/EFL?productId=33603&Promo=,https://signup.budgetpowertx.com/Home/TOS?productId=33603,https://signup.budgetpowertx.com/Home/YRAC?productId=33603,https://signup.budgetpowertx.com/Home/index?ProductCode=RN36000004&Promo=PTC,True,False,2
76107,ONCOR ELECTRIC DELIVERY COMPANY,AP GAS & ELECTRIC (TX) LLC,TrueClassic 6,0.123,0.119,0.117,1,Fixed,6,False,False,,Cancellation Fee: $150.00,6,(866) 876-8909,https://artemis-api.apge.com/api/v1/document?documentId=73&offerCode=SRBTX_ONC_NA_NA_RES_FPR_SD0_T6_NEW,https://artemis-api.apge.com/api/v1/document?documentId=14&offerCode=SRBTX_ONC_NA_NA_RES_FPR_SD0_T6_NEW,https://artemis-api.apge.com/api/v1/document?documentId=16&offerCode=SRBTX_ONC_NA_NA_RES_FPR_SD0_T6_NEW,https://www.apge.com/enroll#/offer?offerCode=SRBTX_ONC_NA_NA_RES_FPR_SD0_T6_NEW&deploymentName=TX%20State%20Rate%20Board,True,False,1
76107,ONCOR ELECTRIC DELIVERY COMPANY,GOOD CHARLIE & CO LLC,GoodEnergy 36,0.162,0.153,0.149,1,Fixed,36,False,False,,Cancellation Fee: $20 per month remaining,26,(888) 462-0060,https://api.goodcharlie.com/products/2048/EFL/Oncor/latest/en,https://api.goodcharlie.com/products/2048/tos/Centerpoint/latest/en,https://api.goodcharlie.com/products/2048/yrac/Centerpoint/latest/en,https://goodcharlie.me/PTC-GoodEnergy36-ONCOR,False,False,5
76107,ONCOR ELECTRIC DELIVERY COMPANY,GOOD CHARLIE & CO LLC,GoodEnergy 16,0.155,0.146,0.141,1,Fixed,16,False,False,,Cancellation Fee: $20 per month remaining,26,(888) 462-0060,https://api.goodcharlie.com/products/2117/EFL/Oncor/latest/en,https://api.goodcharlie.com/products/2117/tos/Oncor/latest/en,https://api.goodcharlie.com/products/2117/yrac/Oncor/latest/en,https://goodcharlie.me/PTC-GoodEnergy18-ONCOR,False,False,5
76107,ONCOR ELECTRIC DELIVERY COMPANY,CHAMPION ENERGY SERVICES LLC,Champ Saver-16,0.154,0.15,0.148,1,Fixed,16,False,False,,Cancellation Fee: $250.00,26,(877) 653-5090,https://docs.championenergyservices.com/ExternalDocs?planname=PN2398&state=TX&language=EN,https://champion-cdn-a8c0crgta3hkfpa3.a02.azurefd.net/assets/pdfs/CES-TX-TOS-062424.pdf,https://champion-cdn-a8c0crgta3hkfpa3.a02.azurefd.net/assets/pdfs/YRAC_103023.pdf,https://www.championenergyservices.com/Residential/Sign-Up?promo=powertochoose,False,False,5
76107,ONCOR ELECTRIC DELIVERY COMPANY,Abundance Energy,Straight Forward 3,0.131,0.122,0.117,1,Fixed,3,False,False,,Cancellation Fee: $150.00,25,(833) 495-0127,https://api.quextenergy.onproton.io/enrollment/document?template_bucket=abundance-product-templates&template_file=tx/Straightforward_EFL.docx&rate_id=10060,https://abundance-public-docs.s3.us-west-2.amazonaws.com/tos/abundance_energy_tos_v3_01312024.pdf,https://abundance-public-docs.s3.us-west-2.amazonaws.com/yrac/abundance_energy_yrac_v4_01312024.pdf,https://join.abundanceenergy.com/?promoCode=PTC,True,False,3
76107,ONCOR ELECTRIC DELIVERY COMPANY,JUST ENERGY,Sustainable Days Bundle - 3,0.118,0.11,0.106,1,Fixed,3,False,True,,Cancellation Fee: $175.00,31,(866) 327-0821,https://webs.justenergydeals.com/Generate_Docs/Generate_EflLinks.aspx?RID=0HhNUr0LaLs=&RCID=gNASPlhlupI=&L=6f+Ch9flI7k=,https://webs.justenergydeals.com/Generate_Docs/TosyracLink.aspx?RID=0HhNUr0LaLs=&RCID=gNASPlhlupI=&L=6f+Ch9flI7k=,https://webs.justenergydeals.com/TOSYRAC/TX/RES_YRAC_ENG_JE.pdf,https://justenergy.com/affiliatepartner/ptcsl/?utm_source=powertochoose&utm_medium=referral&utm_campaign=ST,True,False,2
76107,ONCOR ELECTRIC DELIVERY COMPANY,Ranchero Power,Smart & Fixed - 3,0.116,0.106,0.102,1,Fixed,3,False,False,,Cancellation Fee: $179.00,6,(888) 204-3202,https://bit.ly/4pspCUT,https://bit.ly/3TyHrF9,https://bit.ly/3AjwhZW,http://Rancheropower.com,True,False,2
76107,ONCOR ELECTRIC DELIVERY COMPANY,TRIEAGLE ENERGY LP,Simple Green 36,0.173,0.168,0.165,1,Fixed,36,False,False,,Cancellation Fee: $20.00 per month left in term,100,(833) 943-2764,https://shopping.trieagleenergy.com/PDFGenerator?formType=EnergyFactsLabel&comProdId=ONXTESMGRNC36AA&tdsp=ONCOR&lang=en&custClass=Residential,https://shopping.trieagleenergy.com/PDFGenerator?formType=TermsOfServiceAgreement&comProdId=ONXTESMGRNC36AA&tdsp=ONCOR&lang=en&custClass=Residential,https://shopping.trieagleenergy.com/PDFGenerator?formType=YourRightsAsCustomer&comProdId=ONXTESMGRNC36AA&tdsp=ONCOR&lang=en&custClass=Residential,https://www.trieagleenergy.com/PTC,False,False,4
76107,ONCOR ELECTRIC DELIVERY COMPANY,Think Energy,Think Clean 12 with Smart Thermostat Connected,0.139,0.14,0.141,1,Fixed,12,False,False,,Cancellation Fee: $200.00,100,(833) 669-3080,https://docs.cloud.thinkenergy.com/EFL/?term=12&duns=1039940674000&product=tx.thinkclean.noap.fixed.thermostat&lang=en,https://think-docs.s3.us-east-1.amazonaws.com/TOS/2024.11.08/Think+Energy+RESI+TOS_V20241108_EN(US).pdf,https://think-docs.s3.amazonaws.com/YRAC/20240130/Think+Energy+RESI+YRAC+20240130_EN(US).pdf,https://www.thinkenergy.com/?utm_source=rateboard&utm_medium=referral&utm_campaign=texas,True,False,4
76107,ONCOR ELECTRIC DELIVERY COMPANY,Octopus Energy,Octo Green 10 ,0.146,0.142,0.14,1,Fixed,10,False,False,,Cancellation Fee: $150.00,100,(833) 628-6888,https://octopusenergy.com/efl?id=439&service-provider=ONCOR&load-zone=LZ_NORTH&lang=en,https://assets.octopusenergy.com/x/c67e66d0f8/tos-en.pdf?_gl=1*eychcv*_gcl_aw*R0NMLjE3MDc5NTY5NjUuRUFJYUlRb2JDaE1JeklHWnVvdXNoQU1WVlRoRUNCMW9FQTZmRUFFWUFTQUFFZ0pPZGZEX0J3RQ..*_gcl_au*MjA1NTMxNjQ1OS4xNzA4OTYxMTUyLjEzMTQxNDgxNC4xNzEwMjYzMTg2LjE3MTAyNjMyMzc.*_ga*MjAyNjI3Mjk3LjE2Nzc3NzQ5OTU.*_ga_WCMLHQ73G5*MTcxMDg2ODA2MS4xMDkwLjEuMTcxMDg3MDA4MS4wLjAuMTMyMDUzNDUyMA..,https://assets.octopusenergy.com/x/5926b3a49f/yrac-en.pdf?_gl=1*8l3n7k*_ga*MjAyNjI3Mjk3LjE2Nzc3NzQ5OTU.*_ga_WCMLHQ73G5*MTcwNDI0NTIzMi44NzUuMS4xNzA0MjQ1ODMyLjI1LjAuMA..*_gcl_au*MTUzNzY2MDk5LjE3MDExMDcyMzYuMTI0MzAxNDA0LjE3MDI1OTQ0MDEuMTcwMjU5NDQwMA..,https://octopusenergy.com/affiliate/ptc,True,False,3
76107,ONCOR ELECTRIC DELIVERY COMPANY,GEXA ENERGY,Gexa Eco Choice Plus 6,0.122,0.113,0.109,1,Fixed,6,False,False,,Cancellation Fee: $150.00,100,(866) 329-4392,https://eflviewer.gexaenergy.com/eflviewer.aspx?lang=EN&prodcode=GXAECOCHIPLS6&tdspcode=ONCOR_ELEC,https://eflviewer.gexaenergy.com/eflviewer.aspx?lang=EN&prodcode=TOS,https://eflviewer.gexaenergy.com/eflviewer.aspx?lang=EN&prodcode=YRAC,https://newenroll.gexaenergy.com/?refid=PTC_EcoChoicePls06&ul=1000&tdsp=ONCOR_ELEC,True,False,4
76107,ONCOR ELECTRIC DELIVERY COMPANY,AP GAS & ELECTRIC (TX) LLC,TrueClassic 3,0.114,0.11,0.108,1,Fixed,3,False,False,,Cancellation Fee: $150.00,6,(866) 876-8909,https://artemis-api.apge.com/api/v1/document?documentId=73&offerCode=SRBTX_ONC_NA_NA_RES_FPR_SD0_T3_NEW,https://artemis-api.apge.com/api/v1/document?documentId=14&offerCode=SRBTX_ONC_NA_NA_RES_FPR_SD0_T3_NEW,https://artemis-api.apge.com/api/v1/document?documentId=16&offerCode=SRBTX_ONC_NA_NA_RES_FPR_SD0_T3_NEW,https://www.apge.com/enroll#/offer?offerCode=SRBTX_ONC_NA_NA_RES_FPR_SD0_T3_NEW&deploymentName=TX%20State%20Rate%20Board,True,False,1
76107,ONCOR ELECTRIC DELIVERY COMPANY,SOUTHERN FEDERAL POWER LLC,SoFed Better Rate - 18,0.147,0.137,0.133,1,Fixed,18,False,False,,Cancellation Fee: $249.00,6,(844) 644-0474,https://bit.ly/4qKBLG0,https://bit.ly/42JXFwW,https://bit.ly/3GUCv7g,https://southernfederal.com,True,False,2
76107,ONCOR ELECTRIC DELIVERY COMPANY,CHAMPION ENERGY SERVICES LLC,Champ Saver-6,0.154,0.15,0.148,1,Fixed,6,False,False,,Cancellation Fee: $150.00,26,(877) 653-5090,https://docs.championenergyservices.com/ExternalDocs?planname=PN2401&state=TX&language=EN,https://champion-cdn-a8c0crgta3hkfpa3.a02.azurefd.net/assets/pdfs/CES-TX-TOS-062424.pdf,https://champion-cdn-a8c0crgta3hkfpa3.a02.azurefd.net/assets/pdfs/YRAC_103023.pdf,https://www.championenergyservices.com/Residential/Sign-Up?promo=powertochoose,False,False,5
76107,ONCOR ELECTRIC DELIVERY COMPANY,TARA ENERGY,Basics PTC - 24,0.163,0.159,0.157,1,Fixed,24,False,False,,Cancellation Fee: $175.00,31,(866) 327-0880,https://webs.taraenergy.com/Generate_Docs/Generate_EflLinks.aspx?RID=jbDVWLK5VfU=&RCID=cacW2cvK/I0=&L=6f+Ch9flI7k=,https://webs.taraenergy.com/Generate_Docs/TosyracLink.aspx?RID=jbDVWLK5VfU=&RCID=cacW2cvK/I0=&L=6f+Ch9flI7k=,https://webs.taraenergy.com/TOSYRAC/RES_YRAC_ENG_TE.pdf,https://taraenergy.com/ptc/?utm_source=powertochoose&utm_medium=referral&utm_campaign=LT,True,False,4
76107,ONCOR ELECTRIC DELIVERY COMPANY,RELIANT,Reliant Power On 12 Plan,0.174,0.165,0.16,1,Fixed,12,False,False,,Cancellation Fee: $150.00,24,(855) 350-8650,https://www.reliant.com/defl/R1F00180021344A.pdf,https://www.reliant.com/files/0901751883727dcd.pdf,https://www.reliant.com/files/090175188358df5d.pdf,https://shop.reliant.com/plans-for-you/?tdspCodeCCS=D0002&fromLP=ptc&txtPromocode=WF3713&sid=APTC_1686089562&utm_source=None&utm_campaign=Power+To+Choose+Listings&utm_medium=PTC_,True,False,5
76107,ONCOR ELECTRIC DELIVERY COMPANY,Think Energy,Think Simple With Smart Thermostat 5,0.117,0.118,0.118,1,Fixed,5,False,False,,Cancellation Fee: $200.00,25,(833) 669-3080,https://api.thinkenergy.onproton.io/enrollment/get_latest_document?lang=en&product_code=tx.thinksimple.noap.thermostat.fixed&tdsp_id=3&doc_type=EFL&term=5&promo_code=default,https://think-docs.s3.us-east-1.amazonaws.com/TOS/2024.11.08/Think+Energy+RESI+TOS_V20241108_EN(US).pdf,https://think-docs.s3.amazonaws.com/YRAC/20240130/Think+Energy+RESI+YRAC+20240130_EN(US).pdf,https://www.thinkenergy.com/,True,False,4
76107,ONCOR ELECTRIC DELIVERY COMPANY,CHARIOT ENERGY,Bright Nights 24,0.15,0.135,0.128,1,Fixed,24,False,True,,Cancellation Fee: $15 per remaining month,100,(855) 524-2746,https://signup.chariotenergy.com//Home/EFl?productId=41601,https://signup.chariotenergy.com//Home/TOS?productId=41601,https://signup.chariotenergy.com//Home/YRAC?productId=41601,https://signup.chariotenergy.com//Home/index?ProductCode=RNR24001666&Promo=GqAtunAVIGY=,False,False,1
76107,ONCOR ELECTRIC DELIVERY COMPANY,TRUE POWER,True Value 36,0.144,0.139,0.137,1,Fixed,36,False,False,,Cancellation Fee: $300.00,15,(888) 642-8783,https://truepowerefl.com/eflportal/efl/view/ONCOR/730,https://truepowerefl.com/TC_MM_TX_TOS_EN_ver20210324.pdf,https://www.truepower.com/wp-content/uploads/TC_MM_TX_YRAC_EN_ES.docx,https://truepower.com/partner/ptc/,True,False,1
76107,ONCOR ELECTRIC DELIVERY COMPANY,IRONHORSE POWER SERVICES LLC,Giddy Up 18,0.149,0.145,0.142,1,Fixed,18,False,False,,Cancellation Fee: $250.00,6,(866) 316-1549,https://ironhorse-storage.s3.us-west-2.amazonaws.com/public/efl/ONC-18-PC-0-100250.pdf,https://ironhorsepowerservices.com/static/documents/tos.pdf,https://ironhorsepowerservices.com/static/documents/yrac.pdf,https://signup.ironhorsepowerservices.com/ironhorse-ptc/ONC-18-PC-0-100250,True,False,2
76107,ONCOR ELECTRIC DELIVERY COMPANY,TARA ENERGY,Sustainable Home Bundle - 3,0.119,0.11,0.106,1,Fixed,3,False,False,,Cancellation Fee: $175.00,31,(866) 327-0880,https://webs.taraenergy.com/Generate_Docs/Generate_EflLinks.aspx?RID=AXEW2DZ1EjY=&RCID=cacW2cvK/I0=&L=6f+Ch9flI7k=,https://webs.taraenergy.com/Generate_Docs/TosyracLink.aspx?RID=AXEW2DZ1EjY=&RCID=cacW2cvK/I0=&L=6f+Ch9flI7k=,https://webs.taraenergy.com/TOSYRAC/RES_YRAC_ENG_TE.pdf,https://taraenergy.com/ptcsl/?utm_source=powertochoose&utm_medium=referral&utm_campaign=ST,True,False,4
76107,ONCOR ELECTRIC DELIVERY COMPANY,SFE ENERGY TEXAS INC,SFE RewardsPlus - 24,0.167,0.157,0.152,1,Fixed,24,False,False,,Cancellation Fee: $175.00,35,(888) 351-2169,https://empowerdocs.blob.core.windows.net/efldocuments/_2516351368423730265_EFL_SFE%20Residential%20Fixed%20ONC%2024English.pdf,https://empowerdocs.blob.core.windows.net/tosdocuments/TC_TX_TOS_R01_18_AUG_25.pdf_1.PDF,https://empowerdocs.blob.core.windows.net/yracdocuments/TC_TX_YRAC_R01_05_JUN_25.pdf_0.PDF,https://www.sfeenergy.com/texas/,True,False,-1
76107,ONCOR ELECTRIC DELIVERY COMPANY,Abundance Energy,Clean Energy 12,0.151,0.142,0.137,1,Fixed,12,False,False,,Cancellation Fee: $150.00,100,(833) 495-0127,https://api.quextenergy.onproton.io/enrollment/document?template_bucket=abundance-product-templates&template_file=tx/CleanEnergy_EFL.docx&rate_id=9877,https://abundance-public-docs.s3.us-west-2.amazonaws.com/tos/abundance_energy_tos_v3_01312024.pdf,https://abundance-public-docs.s3.us-west-2.amazonaws.com/yrac/abundance_energy_yrac_v4_01312024.pdf,https://join.abundanceenergy.com/?promoCode=PTC,True,False,3
76107,ONCOR ELECTRIC DELIVERY COMPANY,Energy Texas,No Bull 36,0.149,0.149,0.15,1,Fixed,36,False,False,,Cancellation Fee: $20 / remaining month,100,(888) 512-0330,https://api.energytexas.com/api/pricing/offers/latest-offers-efl/12899/?locale=en,https://cdn.energytexas.com/energy-texas-tos-en-version-1.pdf,https://cdn.energytexas.com/EnergyTexasYRAC_en.pdf,https://www.energytexas.com/?rcid=power-to-choose&utm_source=powertochoose&utm_campaign=oncor&utm_medium=state-shopping&utm_term=NB36,False,False,3
76107,ONCOR ELECTRIC DELIVERY COMPANY,Abundance Energy,Confident Renter 12,0.14,0.136,0.134,1,Fixed,12,False,False,,Cancellation Fee: $150.00,25,(833) 495-0127,https://api.quextenergy.onproton.io/enrollment/document?template_bucket=abundance-product-templates&template_file=tx/ConfidentRenter_EFL.docx&rate_id=9883,https://abundance-public-docs.s3.us-west-2.amazonaws.com/tos/abundance_energy_tos_v3_01312024.pdf,https://abundance-public-docs.s3.us-west-2.amazonaws.com/yrac/abundance_energy_yrac_v4_01312024.pdf,https://join.abundanceenergy.com/?promoCode=PTC,True,False,3
76107,ONCOR ELECTRIC DELIVERY COMPANY,SOUTHERN FEDERAL POWER LLC,SoFed Better Rate - 3,0.115,0.105,0.101,1,Fixed,3,False,False,,Cancellation Fee: $249.00,6,(844) 644-0474,https://bit.ly/4pyI66j,https://bit.ly/42JXFwW,https://bit.ly/3GUCv7g,,True,False,2
76107,ONCOR ELECTRIC DELIVERY COMPANY,CleanSky Energy,Free Nights 6,0.145,0.141,0.139,1,Fixed,6,False,True,,Cancellation Fee: $100.00,100,(888) 733-5557,https://rates.titangasandpower.com/Frontend/DownloadDoc?path=b581ef76-b4a1-4374-9c74-d6cc57c10b85.html&id_plan=550601,https://rates.titangasandpower.com/Frontend/DownloadDoc?path=11d798c7-9868-49b3-86a4-cb4a7caad2ee.pdf&id_plan=539331,https://rates.titangasandpower.com/Frontend/DownloadDoc?path=9dd4508a-09d9-4c6c-817d-24d53bdae46c.pdf&id_plan=539331,https://signup.cleanskyenergy.com/rates?utility_id=113&promocode=PTCHOOSETX,True,False,5
76107,ONCOR ELECTRIC DELIVERY COMPANY,JUST ENERGY,Basics PTC - 24,0.163,0.159,0.157,1,Fixed,24,False,False,,Cancellation Fee: $175.00,31,(866) 327-0821,https://webs.justenergydeals.com/Generate_Docs/Generate_EflLinks.aspx?RID=Vy73faZEbCI=&RCID=gNASPlhlupI=&L=6f+Ch9flI7k=,https://webs.justenergydeals.com/Generate_Docs/TosyracLink.aspx?RID=Vy73faZEbCI=&RCID=gNASPlhlupI=&L=6f+Ch9flI7k=,https://webs.justenergydeals.com/TOSYRAC/TX/RES_YRAC_ENG_JE.pdf,https://justenergy.com/affiliatepartner/ptc/?utm_source=powertochoose&utm_medium=referral&utm_campaign=LT,True,False,2
76107,ONCOR ELECTRIC DELIVERY COMPANY,Texans Choice Power LLC,Choose 6,0.125,0.121,0.119,1,Fixed,6,False,False,,Cancellation Fee: $100,35,(833) 488-6328,https://signup.texanschoicepower.com/getdocument/?getproductpdf=1&productid=153838&type=EFL&title=153838_EFL&language=english,https://signup.texanschoicepower.com/getdocument/?getproductpdf=1&productid=153838&type=TOS&title=153838_TOS,https://signup.texanschoicepower.com/getdocument/?getproductpdf=1&ProductID=153838&type=YRAC&title=Your%20Rights%20As%20A%20Customer&promocode=&language=english,https://signup.texanschoicepower.com/?PromoCode=PTC,True,False,-1
76107,ONCOR ELECTRIC DELIVERY COMPANY,IRONHORSE POWER SERVICES LLC,Giddy Up 24,0.155,0.151,0.148,1,Fixed,24,False,False,,Cancellation Fee: $250.00,6,(866) 316-1549,https://ironhorse-storage.s3.us-west-2.amazonaws.com/public/efl/ONC-24-PC-0-100250.pdf,https://ironhorsepowerservices.com/static/documents/tos.pdf,https://ironhorsepowerservices.com/static/documents/yrac.pdf,https://signup.ironhorsepowerservices.com/ironhorse-ptc/ONC-24-PC-0-100250,True,False,2
76107,ONCOR ELECTRIC DELIVERY COMPANY,GEXA ENERGY,Gexa Eco Choice 12,0.136,0.132,0.13,1,Fixed,12,False,False,,Cancellation Fee: $150.00,100,(866) 329-4392,https://eflviewer.gexaenergy.com/eflviewer.aspx?lang=EN&prodcode=GXAECOCHI12&tdspcode=ONCOR_ELEC,https://eflviewer.gexaenergy.com/eflviewer.aspx?lang=EN&prodcode=TOS,https://eflviewer.gexaenergy.com/eflviewer.aspx?lang=EN&prodcode=YRAC,https://newenroll.gexaenergy.com/?refid=PTC_EcoChoice12&ul=1000&tdsp=ONCOR_ELEC,True,False,4
76107,ONCOR ELECTRIC DELIVERY COMPANY,AMIGO ENERGY,Sustainable Lifestyle - 3,0.119,0.11,0.106,1,Fixed,3,False,False,,Cancellation Fee: $175.00,31,(866) 327-0839,https://webs.amigoenergy.com/Generate_Docs/Generate_EflLinks.aspx?RID=/QJYi7R2WGU=&RCID=rv5fvOkFHh4=&L=6f+Ch9flI7k=,https://webs.amigoenergy.com/Generate_Docs/TosyracLink.aspx?RID=/QJYi7R2WGU=&RCID=rv5fvOkFHh4=&L=6f+Ch9flI7k=,https://webs.amigoenergy.com/TOSYRAC/RES_YRAC_ENG.pdf,https://amigoenergy.com/lp/ptcsl/?utm_source=powertochoose&utm_medium=referral&utm_campaign=ST,True,False,4
76107,ONCOR ELECTRIC DELIVERY COMPANY,RELIANT,Reliant Power on 36 Plan,0.174,0.165,0.16,1,Fixed,36,False,False,,Cancellation Fee: $395.00,24,(855) 350-8650,https://www.reliant.com/defl/R1F00180021169A.pdf,https://www.reliant.com/files/0901751883727dcd.pdf,https://www.reliant.com/files/090175188358df5d.pdf,https://shop.reliant.com/plans-for-you/?tdspCodeCCS=D0002&fromLP=ptc&txtPromocode=WF3713&sid=APTC_1686089562&utm_source=None&utm_campaign=Power+To+Choose+Listings&utm_medium=PTC_,True,False,5
76107,ONCOR ELECTRIC DELIVERY COMPANY,TARA ENERGY,Basics PTC - 60,0.163,0.159,0.157,1,Fixed,60,False,False,,Cancellation Fee: $175.00,31,(866) 327-0880,https://webs.taraenergy.com/Generate_Docs/Generate_EflLinks.aspx?RID=zMA4Cd/qvUU=&RCID=cacW2cvK/I0=&L=6f+Ch9flI7k=,https://webs.taraenergy.com/Generate_Docs/TosyracLink.aspx?RID=zMA4Cd/qvUU=&RCID=cacW2cvK/I0=&L=6f+Ch9flI7k=,https://webs.taraenergy.com/TOSYRAC/RES_YRAC_ENG_TE.pdf,https://taraenergy.com/ptc/?utm_source=powertochoose&utm_medium=referral&utm_campaign=LT,True,False,4
76107,ONCOR ELECTRIC DELIVERY COMPANY,AMIGO ENERGY,Basics PTC - 60,0.163,0.159,0.157,1,Fixed,60,False,False,,Cancellation Fee: $175.00,31,(866) 327-0839,https://webs.amigoenergy.com/Generate_Docs/Generate_EflLinks.aspx?RID=eicUqR30J0Y=&RCID=rv5fvOkFHh4=&L=6f+Ch9flI7k=,https://webs.amigoenergy.com/Generate_Docs/TosyracLink.aspx?RID=eicUqR30J0Y=&RCID=rv5fvOkFHh4=&L=6f+Ch9flI7k=,https://webs.amigoenergy.com/TOSYRAC/RES_YRAC_ENG.pdf,https://amigoenergy.com/lp/ptc/?utm_source=powertochoose&utm_medium=referral&utm_campaign=LT,True,False,4
76107,ONCOR ELECTRIC DELIVERY COMPANY,Energy Texas,No Bull 4,0.11,0.11,0.111,1,Fixed,4,False,False,,Cancellation Fee: $20 / remaining month,100,(888) 512-0330,https://api.energytexas.com/api/pricing/offers/latest-offers-efl/19552/?locale=en,https://cdn.energytexas.com/energy-texas-tos-en-version-1.pdf,https://cdn.energytexas.com/EnergyTexasYRAC_en.pdf,https://www.energytexas.com/?rcid=power-to-choose&utm_source=powertochoose&utm_campaign=oncor&utm_medium=state-shopping&utm_term=NB4,False,False,3
76107,ONCOR ELECTRIC DELIVERY COMPANY,REVOLUTION ENERGY LLC,Stars and Stripes 18,0.145,0.137,0.133,1,Fixed,18,False,False,,Cancellation Fee: $250.00,26,(888) 374-1776,https://e966f83b313c3b45ede3-64a631b37f7b69cdf842d11bca52af9c.ssl.cf5.rackcdn.com//202601/EFL-20260107-155000-ONCORD-Stars and Stripes 18 (English).pdf,https://3738aa9406f947fbf588-fef99a859c0606e900b297be46ec6ca9.ssl.cf5.rackcdn.com/Base/TOS-Base-20220601-000000-English%20(Resi%20+%20Sm%20Comm).pdf,https://def75beca229ccab6443-f01fe966d1b101aea30e2f18547da693.ssl.cf5.rackcdn.com/misc/RAC-20221201-000000-English%20(Resi%20+%20Sm%20Comm).pdf,https://www.joinarevolution.com/signup/signup-step1/?id=329218&promotion=NONE&valid=N&referral=&landingpage=ptc,True,False,1
76107,ONCOR ELECTRIC DELIVERY COMPANY,CONSTELLATION NEWENERGY INC,Simple Switch 6,0.128,0.124,0.122,1,Fixed,6,False,False,,Cancellation Fee: $50.00,26,(855) 797-8465,https://www.constellation.com/bin/residential/GetContractVersionPDF?versionNum=4906390,https://www.constellation.com/bin/residential/GetContractVersionPDF?versionNum=4901770,https://www.constellation.com/bin/residential/GetContractVersionPDF?versionNum=4863292,https://www.constellation.com/content/constellation/en/campaigns/powertochoose.html?UTM_source=powertochoose.org&UTM_medium=referral,False,False,4
76107,ONCOR ELECTRIC DELIVERY COMPANY,TARA ENERGY,Balanced Days Bundle - 3,0.118,0.11,0.106,1,Fixed,3,False,True,,Cancellation Fee: $175.00,31,(866) 327-0880,https://webs.taraenergy.com/Generate_Docs/Generate_EflLinks.aspx?RID=ODdY/I3xZsY=&RCID=cacW2cvK/I0=&L=6f+Ch9flI7k=,https://webs.taraenergy.com/Generate_Docs/TosyracLink.aspx?RID=ODdY/I3xZsY=&RCID=cacW2cvK/I0=&L=6f+Ch9flI7k=,https://webs.taraenergy.com/TOSYRAC/RES_YRAC_ENG_TE.pdf,https://taraenergy.com/ptcsl/?utm_source=powertochoose&utm_medium=referral&utm_campaign=ST,True,False,4
76107,ONCOR ELECTRIC DELIVERY COMPANY,JUST ENERGY,Basics PTC - 60,0.163,0.159,0.157,1,Fixed,60,False,False,,Cancellation Fee: $175.00,31,(866) 327-0821,https://webs.justenergydeals.com/Generate_Docs/Generate_EflLinks.aspx?RID=1pgisBt1Zfg=&RCID=gNASPlhlupI=&L=6f+Ch9flI7k=,https://webs.justenergydeals.com/Generate_Docs/TosyracLink.aspx?RID=1pgisBt1Zfg=&RCID=gNASPlhlupI=&L=6f+Ch9flI7k=,https://webs.justenergydeals.com/TOSYRAC/TX/RES_YRAC_ENG_JE.pdf,https://justenergy.com/affiliatepartner/ptc/?utm_source=powertochoose&utm_medium=referral&utm_campaign=LT,True,False,2
76107,ONCOR ELECTRIC DELIVERY COMPANY,INFUSE ENERGY,Essential Infusion 6,0.125,0.118,0.115,1,Fixed,6,False,False,,Cancellation Fee: $150.00,26,(844) 463-8732,https://88fd201f32c53c2bd0fb-11ba98ed637230a2314ec7c228a44bda.ssl.cf5.rackcdn.com/202601/EFL-20260107-144900-ONCORD-Essential Infusion 6 (English).pdf,http://dba4d476800d46d49629-8921003a898874cc7b56a2d8016f01f6.r82.cf5.rackcdn.com/Base/TOS%20-%20Infuse%20Energy%20(ENG)%20(Resi%20+%20Sm%20Comm)%20(NOV2021).pdf,http://2082f247f0b6ad0efff8-055e3e7ce6867338be787e3e1fe912d6.r54.cf5.rackcdn.com/misc/RAC-20231024-000000-English%20(Resi%20%2B%20Sm%20Comm).pdf,https://www.infuseenergy.com/signup/signup-step1/?id=1623021&promotion=NONE&valid=N&referral=&landingpage=ptc,True,False,1
76107,ONCOR ELECTRIC DELIVERY COMPANY,CleanSky Energy,Embrace Green 24 - New Customer Special,0.145,0.141,0.139,1,Fixed,24,False,False,,Cancellation Fee: $225.00,100,(888) 733-5557,https://rates.titangasandpower.com/Frontend/DownloadDoc?path=713d3819-505d-49df-bfd8-be71a9c6d2c7.html&id_plan=555539,https://rates.cleanskyenergy.com:8443/rates/DownloadDoc?path=39d11e90-f8dc-4862-9460-6bad732461ec.pdf&id_plan=255158,https://rates.titangasandpower.com/Frontend/DownloadDoc?path=9dd4508a-09d9-4c6c-817d-24d53bdae46c.pdf&id_plan=315698,https://signup.cleanskyenergy.com/rates?utility_id=113&promocode=PTCHOOSETX,True,False,5
76107,ONCOR ELECTRIC DELIVERY COMPANY,GOOD CHARLIE & CO LLC,GoodEnergy 24,0.16,0.151,0.146,1,Fixed,24,False,False,,Cancellation Fee: $20 per month remaining,26,(888) 462-0060,https://api.goodcharlie.com/products/2047/EFL/Oncor/latest/en,https://api.goodcharlie.com/products/2047/tos/Centerpoint/latest/en,https://api.goodcharlie.com/products/2047/yrac/Centerpoint/latest/en,https://goodcharlie.me/PTC-GoodEnergy24-ONCOR,False,False,5
76107,ONCOR ELECTRIC DELIVERY COMPANY,CIRRO ENERGY,Smart Simple 36,0.162,0.157,0.155,1,Fixed,36,False,False,,Cancellation Fee: $395.00,24,(844) 417-7180,https://www.cirroenergy.com/defl/M1F00175410851B.pdf,https://www.cirroenergy.com/files/09017518836818ee.pdf,https://www.cirroenergy.com/files/0901751883594fa4.pdf,https://www.cirroenergy.com/lp/ptcZipCodeSearch?tdsp_code=D0002&promo_code=WA198B&txtPromocode=WA198B&fromLP=ptc&sid=APTC_1685677096&utm_campaign=Power+To+Choose+Listings&utm_medium=PTC_&utm_source=None,True,False,3
76107,ONCOR ELECTRIC DELIVERY COMPANY,INFUSE ENERGY,Essential Infusion 12,0.143,0.137,0.134,1,Fixed,12,False,False,,Cancellation Fee: $200.00,26,(844) 463-8732,https://88fd201f32c53c2bd0fb-11ba98ed637230a2314ec7c228a44bda.ssl.cf5.rackcdn.com/202601/EFL-20260107-144900-ONCORD-Essential Infusion 12 (English).pdf,http://dba4d476800d46d49629-8921003a898874cc7b56a2d8016f01f6.r82.cf5.rackcdn.com/Base/TOS%20-%20Infuse%20Energy%20(ENG)%20(Resi%20+%20Sm%20Comm)%20(NOV2021).pdf,http://2082f247f0b6ad0efff8-055e3e7ce6867338be787e3e1fe912d6.r54.cf5.rackcdn.com/misc/RAC-20231024-000000-English%20(Resi%20%2B%20Sm%20Comm).pdf,https://www.infuseenergy.com/signup/signup-step1/?id=1622991&promotion=NONE&valid=N&referral=&landingpage=ptc,True,False,1